Provinsi,Kabupaten/Kota,Kecamatan,Nama,Kategori,Latitude,Longitude,Alamat,Link
DKI JAKARTA,KOTA JAKARTA BARAT,Unknown,NICESO Meruya,Hotel supply store,-6.1091178,106.58755,"Jl. Meruya Utara No.18 64, RT.18/RW.4, North Meruya, Kembangan, West Jakarta City, Jakarta 11620","https://www.google.com/maps/place/NICESO+Meruya/@-6.1091178,106.58755,12z/data=!4m10!1m2!2m1!1sNICESO+KOTA+JAKARTA+BARAT!3m6!1s0x2e69f74ecbcbd4ef:0x76d3f5ca73aead1a!8m2!3d-6.1986513!4d106.7390395!15sChlOSUNFU08gS09UQSBKQUtBUlRBIEJBUkFUWhsiGW5pY2VzbyBrb3RhIGpha2FydGEgYmFyYXSSARJob3RlbF9zdXBwbHlfc3RvcmWqAU4QASoKIgZuaWNlc28oADIfEAEiGzEPycSFcwRVZOas2wLsSj-GFRolR0K6vjacfDIdEAIiGW5pY2VzbyBrb3RhIGpha2FydGEgYmFyYXTgAQA!16s%2Fg%2F11tb08qr39?hl=en&entry=ttu&g_ep=EgoyMDI1MDYwMS4wIKXMDSoASAFQAw%3D%3D"
DKI JAKARTA,KOTA JAKARTA BARAT,Kalideres,NICESO BAMBU LARANGAN,Convenience store,-6.1091178,106.58755,"Jl. Bambu Larangan No.78 1, RT.1/RW.17, Pegadungan, Kec. Kalideres, Kota Jakarta Barat, Daerah Khusus Ibukota Jakarta 11830","https://www.google.com/maps/place/NICESO+BAMBU+LARANGAN/@-6.1091178,106.58755,12z/data=!4m10!1m2!2m1!1sNICESO+KOTA+JAKARTA+BARAT!3m6!1s0x2e69f80751ef2fd9:0xc7bb1b2cbe791b79!8m2!3d-6.1397353!4d106.7171583!15sChlOSUNFU08gS09UQSBKQUtBUlRBIEJBUkFUkgERY29udmVuaWVuY2Vfc3RvcmWqAU4QASoKIgZuaWNlc28oADIfEAEiGzEPycSFcwRVZOas2wLsSj-GFRolR0K6vjacfDIdEAIiGW5pY2VzbyBrb3RhIGpha2FydGEgYmFyYXTgAQA!16s%2Fg%2F11kzclwwp3?hl=en&entry=ttu&g_ep=EgoyMDI1MDYwMS4wIKXMDSoASAFQAw%3D%3D"
DKI JAKARTA,KOTA JAKARTA BARAT,Unknown,Niceso Tegal Alur,Convenience store,-6.1091178,106.58755,"RT.3/RW.6, Tegal Alur, Kalideres, West Jakarta City, Jakarta 11820","https://www.google.com/maps/place/Niceso+Tegal+Alur/@-6.1091178,106.58755,12z/data=!4m10!1m2!2m1!1sNICESO+KOTA+JAKARTA+BARAT!3m6!1s0x2e6a037b683830f1:0xbc782c88ab3b3689!8m2!3d-6.124258!4d106.7227769!15sChlOSUNFU08gS09UQSBKQUtBUlRBIEJBUkFUWhsiGW5pY2VzbyBrb3RhIGpha2FydGEgYmFyYXSSARFjb252ZW5pZW5jZV9zdG9yZaoBThABKgoiBm5pY2VzbygAMh8QASIbMQ_JxIVzBFVk5qzbAuxKP4YVGiVHQrq-Npx8Mh0QAiIZbmljZXNvIGtvdGEgamFrYXJ0YSBiYXJhdOABAA!16s%2Fg%2F11j006r3r0?hl=en&entry=ttu&g_ep=EgoyMDI1MDYwMS4wIKXMDSoASAFQAw%3D%3D"
DKI JAKARTA,KOTA JAKARTA BARAT,Tambora,NICESO TAMBORA JEMBATAN LIMA,Home goods store,-6.1091178,106.58755,"Jl. KH.Moh.Mansyur No.102, RW.1, Tambora, Kec. Tambora, Kota Jakarta Barat, Daerah Khusus Ibukota Jakarta 11250","https://www.google.com/maps/place/NICESO+TAMBORA+JEMBATAN+LIMA/@-6.1091178,106.58755,12z/data=!4m10!1m2!2m1!1sNICESO+KOTA+JAKARTA+BARAT!3m6!1s0x2e69f741243afa37:0xef4d20a23777fd66!8m2!3d-6.1464894!4d106.8072347!15sChlOSUNFU08gS09UQSBKQUtBUlRBIEJBUkFUWhsiGW5pY2VzbyBrb3RhIGpha2FydGEgYmFyYXSSARBob21lX2dvb2RzX3N0b3JlqgFOEAEqCiIGbmljZXNvKAAyHxABIhsxD8nEhXMEVWTmrNsC7Eo_hhUaJUdCur42nHwyHRACIhluaWNlc28ga290YSBqYWthcnRhIGJhcmF04AEA!16s%2Fg%2F11tnxs_yf7?hl=en&entry=ttu&g_ep=EgoyMDI1MDYwMS4wIKXMDSoASAFQAw%3D%3D"
DKI JAKARTA,KOTA JAKARTA BARAT,Palmerah,NICESO Rawa Belong,Store,-6.1091178,106.58755,"Jl. Rw. Belong No.14 3, RT.3/RW.15, Palmerah, Kec. Palmerah, Kota Jakarta Barat, Daerah Khusus Ibukota Jakarta 11480","https://www.google.com/maps/place/NICESO+Rawa+Belong/@-6.1091178,106.58755,12z/data=!4m10!1m2!2m1!1sNICESO+KOTA+JAKARTA+BARAT!3m6!1s0x2e69f700591ed205:0x412be275ce13e6cc!8m2!3d-6.2053522!4d106.7832501!15sChlOSUNFU08gS09UQSBKQUtBUlRBIEJBUkFUkgEFc3RvcmWqAU4QASoKIgZuaWNlc28oADIfEAEiGzEPycSFcwRVZOas2wLsSj-GFRolR0K6vjacfDIdEAIiGW5pY2VzbyBrb3RhIGpha2FydGEgYmFyYXTgAQA!16s%2Fg%2F11wvllzlr8?hl=en&entry=ttu&g_ep=EgoyMDI1MDYwMS4wIKXMDSoASAFQAw%3D%3D"
DKI JAKARTA,KOTA JAKARTA BARAT,Kalideres,NICESO Peta Cengkareng,Store,-6.1091178,106.58755,"Jl. Peta Barat No.97, RT.1/RW.7, Kalideres, Kec. Kalideres, Kota Jakarta Barat, Daerah Khusus Ibukota Jakarta 11840","https://www.google.com/maps/place/NICESO+Peta+Cengkareng/@-6.1091178,106.58755,12z/data=!4m10!1m2!2m1!1sNICESO+KOTA+JAKARTA+BARAT!3m6!1s0x2e69f900278b55b1:0xe004fadca58305d!8m2!3d-6.1431108!4d106.6967736!15sChlOSUNFU08gS09UQSBKQUtBUlRBIEJBUkFUkgEFc3RvcmWqAU4QASoKIgZuaWNlc28oADIfEAEiGzEPycSFcwRVZOas2wLsSj-GFRolR0K6vjacfDIdEAIiGW5pY2VzbyBrb3RhIGpha2FydGEgYmFyYXTgAQA!16s%2Fg%2F11ybt7_7bd?hl=en&entry=ttu&g_ep=EgoyMDI1MDYwMS4wIKXMDSoASAFQAw%3D%3D"
DKI JAKARTA,KOTA JAKARTA BARAT,Kalideres,NICESO KALIDERES,Convenience store,-6.1091178,106.58755,"Jl. Utan Jati No.88 D, RT.7/RW.12, Kalideres, Kec. Kalideres, Kota Jakarta Barat, Daerah Khusus Ibukota Jakarta 11840","https://www.google.com/maps/place/NICESO+KALIDERES/@-6.1091178,106.58755,12z/data=!4m10!1m2!2m1!1sNICESO+KOTA+JAKARTA+BARAT!3m6!1s0x2e69f90066e37d67:0xd2d14a9ca2fc3511!8m2!3d-6.1482667!4d106.7147616!15sChlOSUNFU08gS09UQSBKQUtBUlRBIEJBUkFUkgERY29udmVuaWVuY2Vfc3RvcmWqAU4QASoKIgZuaWNlc28oADIfEAEiGzEPycSFcwRVZOas2wLsSj-GFRolR0K6vjacfDIdEAIiGW5pY2VzbyBrb3RhIGpha2FydGEgYmFyYXTgAQA!16s%2Fg%2F11vt8g2y0c?hl=en&entry=ttu&g_ep=EgoyMDI1MDYwMS4wIKXMDSoASAFQAw%3D%3D"
DKI JAKARTA,KOTA JAKARTA BARAT,Kby Lama,NICESO CIDODOL,Souvenir store,-6.1091178,106.58755,"Jl. Panjang Cidodol No.9-16 5, RT.6/RW.13, Grogol Sel., Kec. Kby. Lama, Kota Jakarta Selatan, Daerah Khusus Ibukota Jakarta 12220","https://www.google.com/maps/place/NICESO+CIDODOL/@-6.1091178,106.58755,12z/data=!4m10!1m2!2m1!1sNICESO+KOTA+JAKARTA+BARAT!3m6!1s0x2e69f1b8ec3f4837:0x37703982a717aa9d!8m2!3d-6.2299538!4d106.7719821!15sChlOSUNFU08gS09UQSBKQUtBUlRBIEJBUkFUkgEOc291dmVuaXJfc3RvcmWqAU4QASoKIgZuaWNlc28oADIfEAEiGzEPycSFcwRVZOas2wLsSj-GFRolR0K6vjacfDIdEAIiGW5pY2VzbyBrb3RhIGpha2FydGEgYmFyYXTgAQA!16s%2Fg%2F11fjmhhw1r?hl=en&entry=ttu&g_ep=EgoyMDI1MDYwMS4wIKXMDSoASAFQAw%3D%3D"
DKI JAKARTA,KOTA JAKARTA BARAT,Cengkareng,NICESO KOSAMBI,Store,-6.1091178,106.58755,"Jln. Kresek No 4 RT 004 RW 008 Duri Kosambi, Kecamatan Cengkareng, Jakarta Barat, Kec. Kosambi, Kabupaten Tangerang, Banten 11750","https://www.google.com/maps/place/NICESO+KOSAMBI/@-6.1091178,106.58755,12z/data=!4m10!1m2!2m1!1sNICESO+KOTA+JAKARTA+BARAT!3m6!1s0x2e4207004f40d86d:0xc256d04df37f915d!8m2!3d-6.178674!4d106.7168891!15sChlOSUNFU08gS09UQSBKQUtBUlRBIEJBUkFUkgEFc3RvcmWqAU4QASoKIgZuaWNlc28oADIfEAEiGzEPycSFcwRVZOas2wLsSj-GFRolR0K6vjacfDIdEAIiGW5pY2VzbyBrb3RhIGpha2FydGEgYmFyYXTgAQA!16s%2Fg%2F11y38hcsmw?hl=en&entry=ttu&g_ep=EgoyMDI1MDYwMS4wIKXMDSoASAFQAw%3D%3D"
DKI JAKARTA,KOTA JAKARTA BARAT,Ciracas,Niceso Cibubur,Shopping mall,-6.3483545,106.7238054,"No.52RT, Daerah Khusu IbuJl, Jl. Lap. Tembak No.3, RW.2, Cibubur, Kec. Ciracas, Kota Jakarta Timur, Daerah Khusus Ibukota Jakarta 13720","https://www.google.com/maps/place/Niceso+Cibubur/@-6.3483545,106.7238054,12z/data=!4m10!1m2!2m1!1sNICESO+KOTA+JAKARTA+BARAT!3m6!1s0x2e69ed398c6b64b5:0x9408b44102fd29ed!8m2!3d-6.3483545!4d106.8762407!15sChlOSUNFU08gS09UQSBKQUtBUlRBIEJBUkFUkgEPc2hvcHBpbmdfY2VudGVyqgFOEAEqCiIGbmljZXNvKAAyHxABIhsxD8nEhXMEVWTmrNsC7Eo_hhUaJUdCur42nHwyHRACIhluaWNlc28ga290YSBqYWthcnRhIGJhcmF04AEA!16s%2Fg%2F11t522m98w?hl=en&entry=ttu&g_ep=EgoyMDI1MDYwMS4wIKXMDSoASAFQAw%3D%3D"
DKI JAKARTA,KOTA JAKARTA BARAT,Larangan,Nice So,Home goods store,-6.3483545,106.7238054,"Jl. HOS Cokroaminoto, RT.001/RW.006, Larangan Utara, Kec. Larangan, Kota Tangerang, Banten 15156","https://www.google.com/maps/place/Nice+So/@-6.3483545,106.7238054,12z/data=!4m10!1m2!2m1!1sNICESO+KOTA+JAKARTA+BARAT!3m6!1s0x2e69f15647cc1069:0xf6a4bf337a93151d!8m2!3d-6.2354338!4d106.7402317!15sChlOSUNFU08gS09UQSBKQUtBUlRBIEJBUkFUkgEQaG9tZV9nb29kc19zdG9yZaoBThABKgoiBm5pY2VzbygAMh8QASIbMQ_JxIVzBFVk5qzbAuxKP4YVGiVHQrq-Npx8Mh0QAiIZbmljZXNvIGtvdGEgamFrYXJ0YSBiYXJhdOABAA!16s%2Fg%2F11h761_sd8?hl=en&entry=ttu&g_ep=EgoyMDI1MDYwMS4wIKXMDSoASAFQAw%3D%3D"
DKI JAKARTA,KOTA JAKARTA BARAT,Unknown,NICESO KEBAGUSAN,Convenience store,-6.2354338,106.5877964,"10, RT.10/RW.7, Kebagusan, Ps. Minggu, Kota Jakarta Selatan, Daerah Khusus Ibukota Jakarta 12550","https://www.google.com/maps/place/NICESO+KEBAGUSAN/@-6.2354338,106.5877964,12z/data=!4m10!1m2!2m1!1sNICESO+KOTA+JAKARTA+BARAT!3m6!1s0x2e69ed4e5238556b:0x1be8bb74b68eb6a8!8m2!3d-6.3158115!4d106.8252448!15sChlOSUNFU08gS09UQSBKQUtBUlRBIEJBUkFUkgERY29udmVuaWVuY2Vfc3RvcmWqAU4QASoKIgZuaWNlc28oADIfEAEiGzEPycSFcwRVZOas2wLsSj-GFRolR0K6vjacfDIdEAIiGW5pY2VzbyBrb3RhIGpha2FydGEgYmFyYXTgAQA!16s%2Fg%2F11rg_nh4q0?hl=en&entry=ttu&g_ep=EgoyMDI1MDYwMS4wIKXMDSoASAFQAw%3D%3D"
DKI JAKARTA,KOTA JAKARTA BARAT,Kramat jati,NICESO CONDET,Shopping mall,-6.2354338,106.5877964,"Jl. Raya Condet No.80, RT.5/RW.3, Batu Ampar, Kec. Kramat jati, Kota Jakarta Timur, Daerah Khusus Ibukota Jakarta 13530","https://www.google.com/maps/place/NICESO+CONDET/@-6.2354338,106.5877964,12z/data=!4m10!1m2!2m1!1sNICESO+KOTA+JAKARTA+BARAT!3m6!1s0x2e69f332c6ac48f7:0xf64db532a8022819!8m2!3d-6.279835!4d106.8552184!15sChlOSUNFU08gS09UQSBKQUtBUlRBIEJBUkFUkgEPc2hvcHBpbmdfY2VudGVyqgFOEAEqCiIGbmljZXNvKAAyHxABIhsxD8nEhXMEVWTmrNsC7Eo_hhUaJUdCur42nHwyHRACIhluaWNlc28ga290YSBqYWthcnRhIGJhcmF04AEA!16s%2Fg%2F11t572l64v?hl=en&entry=ttu&g_ep=EgoyMDI1MDYwMS4wIKXMDSoASAFQAw%3D%3D"
DKI JAKARTA,KOTA JAKARTA BARAT,Unknown,NICESO CIRENDEU,Home goods store,-6.279835,106.7027831,"Pisangan, Ciputat Timur, South Tangerang City, Banten 15419","https://www.google.com/maps/place/NICESO+CIRENDEU/@-6.279835,106.7027831,12z/data=!4m10!1m2!2m1!1sNICESO+KOTA+JAKARTA+BARAT!3m6!1s0x2e69ef2d1b959ba3:0xf979403d88d1e1e6!8m2!3d-6.3189661!4d106.7687528!15sChlOSUNFU08gS09UQSBKQUtBUlRBIEJBUkFUWhsiGW5pY2VzbyBrb3RhIGpha2FydGEgYmFyYXSSARBob21lX2dvb2RzX3N0b3JlqgFOEAEqCiIGbmljZXNvKAAyHxABIhsxD8nEhXMEVWTmrNsC7Eo_hhUaJUdCur42nHwyHRACIhluaWNlc28ga290YSBqYWthcnRhIGJhcmF04AEA!16s%2Fg%2F11mv9_rycr?hl=en&entry=ttu&g_ep=EgoyMDI1MDYwMS4wIKXMDSoASAFQAw%3D%3D"
DKI JAKARTA,KOTA JAKARTA BARAT,Cengkareng,NICESO SEMANAN,Convenience store,-6.279835,106.7027831,"Jl. Taman Semanan Indah No.7, Duri Kosambi, Kecamatan Cengkareng, Kota Jakarta Barat, Daerah Khusus Ibukota Jakarta 11750","https://www.google.com/maps/place/NICESO+SEMANAN/@-6.279835,106.7027831,12z/data=!4m10!1m2!2m1!1sNICESO+KOTA+JAKARTA+BARAT!3m6!1s0x2e69f9601f08ed31:0x8f79079cfc2c697d!8m2!3d-6.1639755!4d106.7224364!15sChlOSUNFU08gS09UQSBKQUtBUlRBIEJBUkFUkgERY29udmVuaWVuY2Vfc3RvcmWqAU4QASoKIgZuaWNlc28oADIfEAEiGzEPycSFcwRVZOas2wLsSj-GFRolR0K6vjacfDIdEAIiGW5pY2VzbyBrb3RhIGpha2FydGEgYmFyYXTgAQA!16s%2Fg%2F11lccy50j8?hl=en&entry=ttu&g_ep=EgoyMDI1MDYwMS4wIKXMDSoASAFQAw%3D%3D"
DKI JAKARTA,KOTA JAKARTA PUSAT,Johar Baru,Niceso Joharbaru,Supermarket,-6.1697148,106.8335332,"Jl. Percetakan Negara II No.22 3, RT.3/RW.3, Johar Baru, Kec. Johar Baru, Kota Jakarta Pusat, Daerah Khusus Ibukota Jakarta 10560","https://www.google.com/maps/place/Niceso+Joharbaru/@-6.1697148,106.8335332,14z/data=!4m10!1m2!2m1!1sNICESO+KOTA+JAKARTA+PUSAT!3m6!1s0x2e69f524605a5c43:0x4e17edf68517de45!8m2!3d-6.1835335!4d106.8561012!15sChlOSUNFU08gS09UQSBKQUtBUlRBIFBVU0FUkgELc3VwZXJtYXJrZXSqAVwKDS9nLzExcGRqYzhrNGsQASoKIgZuaWNlc28oADIeEAEiGnKWmq-oI09vkhicLhFzAssgxza3kRBCAxXfMh0QAiIZbmljZXNvIGtvdGEgamFrYXJ0YSBwdXNhdOABAA!16s%2Fg%2F11fj6syc2x?hl=en&entry=ttu&g_ep=EgoyMDI1MDYwMS4wIKXMDSoASAFQAw%3D%3D"
DKI JAKARTA,KOTA JAKARTA PUSAT,Kemayoran RT,NICESO SERDANG RAYA,Home goods store,-6.1697148,106.8335332,"Jl. Serdang raya No. 22 Rt. 001/ 010 Kel. Cempaka baru Kec. Kemayoran RT.7, RW Jl. Serdang Raya No.3, RT.2/RW.9, Cemp. Baru, Kec. Kemayoran, Kota Jakarta Pusat, Daerah Khusus Ibukota Jakarta 10640","https://www.google.com/maps/place/NICESO+SERDANG+RAYA/@-6.1697148,106.8335332,14z/data=!4m10!1m2!2m1!1sNICESO+KOTA+JAKARTA+PUSAT!3m6!1s0x2e69f51152cf457f:0xac58cb7e127c7e5c!8m2!3d-6.1621448!4d106.8589679!15sChlOSUNFU08gS09UQSBKQUtBUlRBIFBVU0FUkgEQaG9tZV9nb29kc19zdG9yZaoBXAoNL2cvMTFwZGpjOGs0axABKgoiBm5pY2VzbygAMh4QASIacpaar6gjT2-SGJwuEXMCyyDHNreREEIDFd8yHRACIhluaWNlc28ga290YSBqYWthcnRhIHB1c2F04AEA!16s%2Fg%2F11pdjc8k4k?hl=en&entry=ttu&g_ep=EgoyMDI1MDYwMS4wIKXMDSoASAFQAw%3D%3D"
DKI JAKARTA,KOTA JAKARTA PUSAT,Tj Priok,Niceso Sunter,Store,-6.1697148,106.8335332,"Jl. Sunter Kemayoran No.4, Sunter Jaya, Kec. Tj. Priok, Jkt Utara, Daerah Khusus Ibukota Jakarta 14360","https://www.google.com/maps/place/Niceso+Sunter/@-6.1697148,106.8335332,14z/data=!4m10!1m2!2m1!1sNICESO+KOTA+JAKARTA+PUSAT!3m6!1s0x2e69f5865c7b167f:0x3dfafada4e7113c8!8m2!3d-6.1539056!4d106.8606935!15sChlOSUNFU08gS09UQSBKQUtBUlRBIFBVU0FUkgEFc3RvcmWqAVwKDS9nLzExcGRqYzhrNGsQASoKIgZuaWNlc28oADIeEAEiGnKWmq-oI09vkhicLhFzAssgxza3kRBCAxXfMh0QAiIZbmljZXNvIGtvdGEgamFrYXJ0YSBwdXNhdOABAA!16s%2Fg%2F11fmgzl4f7?hl=en&entry=ttu&g_ep=EgoyMDI1MDYwMS4wIKXMDSoASAFQAw%3D%3D"
DKI JAKARTA,KOTA JAKARTA PUSAT,Senen,NICESO Kramat,Shopping mall,-6.1697148,106.8335332,"Jl. Kramat Pulo Dalam 2 No.20-42, RT.10/RW.8, Kramat, Kec. Senen, Kota Jakarta Pusat, Daerah Khusus Ibukota Jakarta 10450","https://www.google.com/maps/place/NICESO+Kramat/@-6.1697148,106.8335332,14z/data=!4m10!1m2!2m1!1sNICESO+KOTA+JAKARTA+PUSAT!3m6!1s0x2e69f50041287191:0xe2d874e5a4dae64e!8m2!3d-6.1855248!4d106.8475721!15sChlOSUNFU08gS09UQSBKQUtBUlRBIFBVU0FUkgEPc2hvcHBpbmdfY2VudGVyqgFcCg0vZy8xMXBkamM4azRrEAEqCiIGbmljZXNvKAAyHhABIhpylpqvqCNPb5IYnC4RcwLLIMc2t5EQQgMV3zIdEAIiGW5pY2VzbyBrb3RhIGpha2FydGEgcHVzYXTgAQA!16s%2Fg%2F11y8j1jg_4?hl=en&entry=ttu&g_ep=EgoyMDI1MDYwMS4wIKXMDSoASAFQAw%3D%3D"
DKI JAKARTA,KOTA JAKARTA PUSAT,Johar Baru,NICESO PANGKALAN ASEM,Convenience store,-6.1697148,106.8335332,"Jl. Pangkalan Asem No.45, RT.4/RW.7, Galur, Kec. Johar Baru, Kota Jakarta Pusat, Daerah Khusus Ibukota Jakarta 10530","https://www.google.com/maps/place/NICESO+PANGKALAN+ASEM/@-6.1697148,106.8335332,14z/data=!4m10!1m2!2m1!1sNICESO+KOTA+JAKARTA+PUSAT!3m6!1s0x2e69f5005f030d71:0x63e9bce9a9d1fd13!8m2!3d-6.1760076!4d106.8581618!15sChlOSUNFU08gS09UQSBKQUtBUlRBIFBVU0FUkgERY29udmVuaWVuY2Vfc3RvcmWqAVwKDS9nLzExcGRqYzhrNGsQASoKIgZuaWNlc28oADIeEAEiGnKWmq-oI09vkhicLhFzAssgxza3kRBCAxXfMh0QAiIZbmljZXNvIGtvdGEgamFrYXJ0YSBwdXNhdOABAA!16s%2Fg%2F11wfqh21qc?hl=en&entry=ttu&g_ep=EgoyMDI1MDYwMS4wIKXMDSoASAFQAw%3D%3D"
DKI JAKARTA,KOTA JAKARTA SELATAN,Cilandak,NICESO PONDOK LABU,Supermarket,-6.3122074,106.6408227,"Jl. Pd. Labu Raya No.6, RT.6/RW.1, Pd. Labu, Kec. Cilandak, Kota Jakarta Selatan, Daerah Khusus Ibukota Jakarta 12450","https://www.google.com/maps/place/NICESO+PONDOK+LABU/@-6.3122074,106.6408227,12z/data=!4m10!1m2!2m1!1sNICESO+KOTA+JAKARTA+SELATAN!3m6!1s0x2e69ef0b897d2877:0xefb51cc1ba25cd34!8m2!3d-6.3122074!4d106.793258!15sChtOSUNFU08gS09UQSBKQUtBUlRBIFNFTEFUQU6SAQtzdXBlcm1hcmtldKoBTxABKgoiBm5pY2VzbygAMh4QASIaMcPLuT2rKJlgnRaDRYpeIiJ09PdJpUMopUEyHxACIhtuaWNlc28ga290YSBqYWthcnRhIHNlbGF0YW7gAQA!16s%2Fg%2F11flbxh5cr?hl=en&entry=ttu&g_ep=EgoyMDI1MDYwMS4wIKXMDSoASAFQAw%3D%3D"
DKI JAKARTA,KOTA JAKARTA SELATAN,Jagakarsa,NICESO JAGAKARSA,Shopping mall,-6.3122074,106.6408227,"Jl. Raya Jagakarsa, RT.5/RW.1, Jagakarsa, Kec. Jagakarsa, Kota Jakarta Selatan, Daerah Khusus Ibukota Jakarta","https://www.google.com/maps/place/NICESO+JAGAKARSA/@-6.3122074,106.6408227,12z/data=!4m10!1m2!2m1!1sNICESO+KOTA+JAKARTA+SELATAN!3m6!1s0x2e69edcb7b567e11:0x98bdda5d9c1c1861!8m2!3d-6.3311363!4d106.8292164!15sChtOSUNFU08gS09UQSBKQUtBUlRBIFNFTEFUQU6SAQ9zaG9wcGluZ19jZW50ZXKqAU8QASoKIgZuaWNlc28oADIeEAEiGjHDy7k9qyiZYJ0Wg0WKXiIidPT3SaVDKKVBMh8QAiIbbmljZXNvIGtvdGEgamFrYXJ0YSBzZWxhdGFu4AEA!16s%2Fg%2F11v64nzmss?hl=en&entry=ttu&g_ep=EgoyMDI1MDYwMS4wIKXMDSoASAFQAw%3D%3D"
DKI JAKARTA,KOTA JAKARTA SELATAN,Unknown,NICESO KEBAGUSAN,Convenience store,-6.3122074,106.6408227,"10, RT.10/RW.7, Kebagusan, Ps. Minggu, Kota Jakarta Selatan, Daerah Khusus Ibukota Jakarta 12550","https://www.google.com/maps/place/NICESO+KEBAGUSAN/@-6.3122074,106.6408227,12z/data=!4m10!1m2!2m1!1sNICESO+KOTA+JAKARTA+SELATAN!3m6!1s0x2e69ed4e5238556b:0x1be8bb74b68eb6a8!8m2!3d-6.3158115!4d106.8252448!15sChtOSUNFU08gS09UQSBKQUtBUlRBIFNFTEFUQU6SARFjb252ZW5pZW5jZV9zdG9yZaoBTxABKgoiBm5pY2VzbygAMh4QASIaMcPLuT2rKJlgnRaDRYpeIiJ09PdJpUMopUEyHxACIhtuaWNlc28ga290YSBqYWthcnRhIHNlbGF0YW7gAQA!16s%2Fg%2F11rg_nh4q0?hl=en&entry=ttu&g_ep=EgoyMDI1MDYwMS4wIKXMDSoASAFQAw%3D%3D"
DKI JAKARTA,KOTA JAKARTA SELATAN,Kby Lama,NICESO PONDOK PINANG,Home improvement store,-6.3122074,106.6408227,"Jl. Ciputat Raya No.2B, RT.5/RW.2, Pd. Pinang, Kec. Kby. Lama, Kota Jakarta Selatan, Daerah Khusus Ibukota Jakarta 12310","https://www.google.com/maps/place/NICESO+PONDOK+PINANG/@-6.3122074,106.6408227,12z/data=!4m10!1m2!2m1!1sNICESO+KOTA+JAKARTA+SELATAN!3m6!1s0x2e69f104aeca8d81:0x20a905c8ebc6c2bc!8m2!3d-6.2662937!4d106.7751858!15sChtOSUNFU08gS09UQSBKQUtBUlRBIFNFTEFUQU6SARZob21lX2ltcHJvdmVtZW50X3N0b3JlqgFPEAEqCiIGbmljZXNvKAAyHhABIhoxw8u5PasomWCdFoNFil4iInT090mlQyilQTIfEAIiG25pY2VzbyBrb3RhIGpha2FydGEgc2VsYXRhbuABAA!16s%2Fg%2F11glxdw0jb?hl=en&entry=ttu&g_ep=EgoyMDI1MDYwMS4wIKXMDSoASAFQAw%3D%3D"
DKI JAKARTA,KOTA JAKARTA SELATAN,Unknown,NICESO CIRENDEU,Home goods store,-6.3122074,106.6408227,"Pisangan, Ciputat Timur, South Tangerang City, Banten 15419","https://www.google.com/maps/place/NICESO+CIRENDEU/@-6.3122074,106.6408227,12z/data=!4m10!1m2!2m1!1sNICESO+KOTA+JAKARTA+SELATAN!3m6!1s0x2e69ef2d1b959ba3:0xf979403d88d1e1e6!8m2!3d-6.3189661!4d106.7687528!15sChtOSUNFU08gS09UQSBKQUtBUlRBIFNFTEFUQU5aHSIbbmljZXNvIGtvdGEgamFrYXJ0YSBzZWxhdGFukgEQaG9tZV9nb29kc19zdG9yZaoBTxABKgoiBm5pY2VzbygAMh4QASIaMcPLuT2rKJlgnRaDRYpeIiJ09PdJpUMopUEyHxACIhtuaWNlc28ga290YSBqYWthcnRhIHNlbGF0YW7gAQA!16s%2Fg%2F11mv9_rycr?hl=en&entry=ttu&g_ep=EgoyMDI1MDYwMS4wIKXMDSoASAFQAw%3D%3D"
DKI JAKARTA,KOTA JAKARTA SELATAN,Kby Lama,NICESO KEBAYORAN LAMA,Convenience store,-6.3122074,106.6408227,"Jl. Raya Kby. Lama No.174, Cipulir, Kec. Kby. Lama, Kota Jakarta Selatan, Daerah Khusus Ibukota Jakarta 12230","https://www.google.com/maps/place/NICESO+KEBAYORAN+LAMA/@-6.3122074,106.6408227,12z/data=!4m10!1m2!2m1!1sNICESO+KOTA+JAKARTA+SELATAN!3m6!1s0x2e69f1cf048466a7:0x4f5543e2ecaa4298!8m2!3d-6.2360399!4d106.7803818!15sChtOSUNFU08gS09UQSBKQUtBUlRBIFNFTEFUQU6SARFjb252ZW5pZW5jZV9zdG9yZaoBTxABKgoiBm5pY2VzbygAMh4QASIaMcPLuT2rKJlgnRaDRYpeIiJ09PdJpUMopUEyHxACIhtuaWNlc28ga290YSBqYWthcnRhIHNlbGF0YW7gAQA!16s%2Fg%2F11lccz8nwk?hl=en&entry=ttu&g_ep=EgoyMDI1MDYwMS4wIKXMDSoASAFQAw%3D%3D"
DKI JAKARTA,KOTA JAKARTA SELATAN,Unknown,Nice So M. Kahfi 2,Store,-6.3122074,106.6408227,"Jl. Moh Jl. Moch Kahfi II No.9, RT.9/RW.8, Srengseng Sawah, Jagakarsa, South Jakarta City, Jakarta 12630","https://www.google.com/maps/place/Nice+So+M.+Kahfi+2/@-6.3122074,106.6408227,12z/data=!4m10!1m2!2m1!1sNICESO+KOTA+JAKARTA+SELATAN!3m6!1s0x2e69ed4b3667904f:0xc64601885a51d3c3!8m2!3d-6.3392947!4d106.8212275!15sChtOSUNFU08gS09UQSBKQUtBUlRBIFNFTEFUQU5aHSIbbmljZXNvIGtvdGEgamFrYXJ0YSBzZWxhdGFukgEFc3RvcmWqAU8QASoKIgZuaWNlc28oADIeEAEiGjHDy7k9qyiZYJ0Wg0WKXiIidPT3SaVDKKVBMh8QAiIbbmljZXNvIGtvdGEgamFrYXJ0YSBzZWxhdGFu4AEA!16s%2Fg%2F11lgt5fx0h?hl=en&entry=ttu&g_ep=EgoyMDI1MDYwMS4wIKXMDSoASAFQAw%3D%3D"
DKI JAKARTA,KOTA JAKARTA SELATAN,Kby Lama,NICESO CIDODOL,Souvenir store,-6.3122074,106.6408227,"Jl. Panjang Cidodol No.9-16 5, RT.6/RW.13, Grogol Sel., Kec. Kby. Lama, Kota Jakarta Selatan, Daerah Khusus Ibukota Jakarta 12220","https://www.google.com/maps/place/NICESO+CIDODOL/@-6.3122074,106.6408227,12z/data=!4m10!1m2!2m1!1sNICESO+KOTA+JAKARTA+SELATAN!3m6!1s0x2e69f1b8ec3f4837:0x37703982a717aa9d!8m2!3d-6.2299538!4d106.7719821!15sChtOSUNFU08gS09UQSBKQUtBUlRBIFNFTEFUQU6SAQ5zb3V2ZW5pcl9zdG9yZaoBTxABKgoiBm5pY2VzbygAMh4QASIaMcPLuT2rKJlgnRaDRYpeIiJ09PdJpUMopUEyHxACIhtuaWNlc28ga290YSBqYWthcnRhIHNlbGF0YW7gAQA!16s%2Fg%2F11fjmhhw1r?hl=en&entry=ttu&g_ep=EgoyMDI1MDYwMS4wIKXMDSoASAFQAw%3D%3D"
DKI JAKARTA,KOTA JAKARTA SELATAN,Mampang Prpt,NICESO BANGKA RAYA,Supermarket,-6.3122074,106.6408227,"Jl. Bangka Raya No.27AB, RT.2/RW.2, Pela Mampang, Kec. Mampang Prpt., Kota Jakarta Selatan, Daerah Khusus Ibukota Jakarta 12720","https://www.google.com/maps/place/NICESO+BANGKA+RAYA/@-6.3122074,106.6408227,12z/data=!4m10!1m2!2m1!1sNICESO+KOTA+JAKARTA+SELATAN!3m6!1s0x2e69f35b1cc6b3d7:0x29e8708d4a2ecc5c!8m2!3d-6.2443184!4d106.816119!15sChtOSUNFU08gS09UQSBKQUtBUlRBIFNFTEFUQU6SAQtzdXBlcm1hcmtldKoBTxABKgoiBm5pY2VzbygAMh4QASIaMcPLuT2rKJlgnRaDRYpeIiJ09PdJpUMopUEyHxACIhtuaWNlc28ga290YSBqYWthcnRhIHNlbGF0YW7gAQA!16s%2Fg%2F11gx_yf0tr?hl=en&entry=ttu&g_ep=EgoyMDI1MDYwMS4wIKXMDSoASAFQAw%3D%3D"
DKI JAKARTA,KOTA JAKARTA SELATAN,Ciputat Tim,NICESO REMPOA,Convenience store,-6.3122074,106.6408227,"Jl. Pahlawan, Cemp. Putih, Kec. Ciputat Tim., Kota Tangerang Selatan, Banten 15412","https://www.google.com/maps/place/NICESO+REMPOA/@-6.3122074,106.6408227,12z/data=!4m10!1m2!2m1!1sNICESO+KOTA+JAKARTA+SELATAN!3m6!1s0x2e69f1b5a1b1fee9:0x9b242aee4d04b785!8m2!3d-6.3003941!4d106.7619043!15sChtOSUNFU08gS09UQSBKQUtBUlRBIFNFTEFUQU6SARFjb252ZW5pZW5jZV9zdG9yZaoBTxABKgoiBm5pY2VzbygAMh4QASIaMcPLuT2rKJlgnRaDRYpeIiJ09PdJpUMopUEyHxACIhtuaWNlc28ga290YSBqYWthcnRhIHNlbGF0YW7gAQA!16s%2Fg%2F11rqq7_m7_?hl=en&entry=ttu&g_ep=EgoyMDI1MDYwMS4wIKXMDSoASAFQAw%3D%3D"
DKI JAKARTA,KOTA JAKARTA SELATAN,Pesanggrahan,NICESO KODAM PESANGGRAHAN,Stationery store,-6.3122074,106.6408227,"Jl. Garuda No.6, RT.6/RW.6, Petukangan Utara, Kec. Pesanggrahan, Kota Jakarta Selatan, Daerah Khusus Ibukota Jakarta 12250","https://www.google.com/maps/place/NICESO+KODAM+PESANGGRAHAN/@-6.3122074,106.6408227,12z/data=!4m10!1m2!2m1!1sNICESO+KOTA+JAKARTA+SELATAN!3m6!1s0x2e69f0f0490ed59d:0x94722b5306cffdb6!8m2!3d-6.2517264!4d106.7564392!15sChtOSUNFU08gS09UQSBKQUtBUlRBIFNFTEFUQU6SARBzdGF0aW9uZXJ5X3N0b3JlqgFPEAEqCiIGbmljZXNvKAAyHhABIhoxw8u5PasomWCdFoNFil4iInT090mlQyilQTIfEAIiG25pY2VzbyBrb3RhIGpha2FydGEgc2VsYXRhbuABAA!16s%2Fg%2F11hm3xk96b?hl=en&entry=ttu&g_ep=EgoyMDI1MDYwMS4wIKXMDSoASAFQAw%3D%3D"
DKI JAKARTA,KOTA JAKARTA SELATAN,Pesanggrahan,NICESO PETUKANGAN,Convenience store,-6.3122074,106.6408227,"Jl. Sabar Raya No.15, RT.8/RW.3, Petukangan Sel., Kec. Pesanggrahan, Kota Jakarta Selatan, Daerah Khusus Ibukota Jakarta 12270","https://www.google.com/maps/place/NICESO+PETUKANGAN/@-6.3122074,106.6408227,12z/data=!4m10!1m2!2m1!1sNICESO+KOTA+JAKARTA+SELATAN!3m6!1s0x2e69f10052fc9c9f:0xc59addb3fc8c0bb1!8m2!3d-6.2401759!4d106.7526474!15sChtOSUNFU08gS09UQSBKQUtBUlRBIFNFTEFUQU6SARFjb252ZW5pZW5jZV9zdG9yZaoBTxABKgoiBm5pY2VzbygAMh4QASIaMcPLuT2rKJlgnRaDRYpeIiJ09PdJpUMopUEyHxACIhtuaWNlc28ga290YSBqYWthcnRhIHNlbGF0YW7gAQA!16s%2Fg%2F11y6jd4hz9?hl=en&entry=ttu&g_ep=EgoyMDI1MDYwMS4wIKXMDSoASAFQAw%3D%3D"
DKI JAKARTA,KOTA JAKARTA SELATAN,Cinere,NICESO CINERE,Convenience store,-6.3122074,106.6408227,"MQ5V+V8C, Jl. Raya Gandul, Gandul, Kec. Cinere, Kota Depok, Jawa Barat","https://www.google.com/maps/place/NICESO+CINERE/@-6.3122074,106.6408227,12z/data=!4m10!1m2!2m1!1sNICESO+KOTA+JAKARTA+SELATAN!3m6!1s0x2e69ef006929df4f:0x6b28eb6a9e649695!8m2!3d-6.3403437!4d106.7932597!15sChtOSUNFU08gS09UQSBKQUtBUlRBIFNFTEFUQU6SARFjb252ZW5pZW5jZV9zdG9yZaoBTxABKgoiBm5pY2VzbygAMh4QASIaMcPLuT2rKJlgnRaDRYpeIiJ09PdJpUMopUEyHxACIhtuaWNlc28ga290YSBqYWthcnRhIHNlbGF0YW7gAQA!16s%2Fg%2F11vy7p1_9x?hl=en&entry=ttu&g_ep=EgoyMDI1MDYwMS4wIKXMDSoASAFQAw%3D%3D"
DKI JAKARTA,KOTA JAKARTA SELATAN,Ciputat Tim,NICESO PONDOK RANJI,Convenience store,-6.3122074,106.6408227,"Jl. W R Supratman, Rengas, Kec. Ciputat Tim., Kota Tangerang Selatan, Banten 15412","https://www.google.com/maps/place/NICESO+PONDOK+RANJI/@-6.3122074,106.6408227,12z/data=!4m10!1m2!2m1!1sNICESO+KOTA+JAKARTA+SELATAN!3m6!1s0x2e69f1ca32293775:0x32e6977c3d8f2104!8m2!3d-6.2807752!4d106.7465668!15sChtOSUNFU08gS09UQSBKQUtBUlRBIFNFTEFUQU6SARFjb252ZW5pZW5jZV9zdG9yZaoBTxABKgoiBm5pY2VzbygAMh4QASIaMcPLuT2rKJlgnRaDRYpeIiJ09PdJpUMopUEyHxACIhtuaWNlc28ga290YSBqYWthcnRhIHNlbGF0YW7gAQA!16s%2Fg%2F11fs7thbxq?hl=en&entry=ttu&g_ep=EgoyMDI1MDYwMS4wIKXMDSoASAFQAw%3D%3D"
DKI JAKARTA,KOTA JAKARTA SELATAN,Beji,NiceSo Kukusan,Shopping mall,-6.3122074,106.6408227,"Jl. K.H.M. Usman No.189, Kukusan, Kecamatan Beji, Kota Depok, Jawa Barat 16425","https://www.google.com/maps/place/NiceSo+Kukusan/@-6.3122074,106.6408227,12z/data=!4m10!1m2!2m1!1sNICESO+KOTA+JAKARTA+SELATAN!3m6!1s0x2e69efc394be57e1:0x96a4d80c7c639d13!8m2!3d-6.3733833!4d106.8132559!15sChtOSUNFU08gS09UQSBKQUtBUlRBIFNFTEFUQU6SAQ9zaG9wcGluZ19jZW50ZXKqAU8QASoKIgZuaWNlc28oADIeEAEiGjHDy7k9qyiZYJ0Wg0WKXiIidPT3SaVDKKVBMh8QAiIbbmljZXNvIGtvdGEgamFrYXJ0YSBzZWxhdGFu4AEA!16s%2Fg%2F11qg3cdbnj?hl=en&entry=ttu&g_ep=EgoyMDI1MDYwMS4wIKXMDSoASAFQAw%3D%3D"
DKI JAKARTA,KOTA JAKARTA SELATAN,Pd Aren,NICE SO CEGER,Home goods store,-6.3122074,106.6408227,"Bintaro Jl. Ceger Raya No.16, Pd. Karya, Kec. Pd. Aren, Kota Tangerang Selatan, Banten 15225","https://www.google.com/maps/place/NICE+SO+CEGER/@-6.3122074,106.6408227,12z/data=!4m10!1m2!2m1!1sNICESO+KOTA+JAKARTA+SELATAN!3m6!1s0x2e69f16236738d91:0xcb5dd39c474ca886!8m2!3d-6.2596542!4d106.7416778!15sChtOSUNFU08gS09UQSBKQUtBUlRBIFNFTEFUQU6SARBob21lX2dvb2RzX3N0b3JlqgFPEAEqCiIGbmljZXNvKAAyHhABIhoxw8u5PasomWCdFoNFil4iInT090mlQyilQTIfEAIiG25pY2VzbyBrb3RhIGpha2FydGEgc2VsYXRhbuABAA!16s%2Fg%2F11gmfdvc38?hl=en&entry=ttu&g_ep=EgoyMDI1MDYwMS4wIKXMDSoASAFQAw%3D%3D"
DKI JAKARTA,KOTA JAKARTA SELATAN,Ps Rebo,NICESO STORE,Home goods store,-6.3122074,106.6408227,"Jl. H. Hasan No.27 2, RT.4/RW.1, Baru, Kec. Ps. Rebo, Kota Jakarta Timur, Daerah Khusus Ibukota Jakarta 13780","https://www.google.com/maps/place/NICESO+STORE/@-6.3122074,106.6408227,12z/data=!4m10!1m2!2m1!1sNICESO+KOTA+JAKARTA+SELATAN!3m6!1s0x2e69eda79b551555:0x7924c6138d1a5ad7!8m2!3d-6.328194!4d106.8508816!15sChtOSUNFU08gS09UQSBKQUtBUlRBIFNFTEFUQU6SARBob21lX2dvb2RzX3N0b3JlqgFPEAEqCiIGbmljZXNvKAAyHhABIhoxw8u5PasomWCdFoNFil4iInT090mlQyilQTIfEAIiG25pY2VzbyBrb3RhIGpha2FydGEgc2VsYXRhbuABAA!16s%2Fg%2F11g4gl0l8n?hl=en&entry=ttu&g_ep=EgoyMDI1MDYwMS4wIKXMDSoASAFQAw%3D%3D"
DKI JAKARTA,KOTA JAKARTA SELATAN,Unknown,NICESO PONDOK LABU,Grocery store,-2.44565,117.7363647,0821-2393-7497,"https://www.google.com/maps/place/NICESO+PONDOK+LABU/@-2.44565,117.7363647,12z/data=!4m10!1m2!2m1!1sNICESO+KOTA+JAKARTA+SELATAN!3m6!1s0x6b0cd7c49a8eedf7:0xf42011dd3285a18!8m2!3d-2.44565!4d117.8888!15sChtOSUNFU08gS09UQSBKQUtBUlRBIFNFTEFUQU6SAQ1ncm9jZXJ5X3N0b3JlqgFPEAEqCiIGbmljZXNvKAAyHhABIhoxw8u5PasomWCdFoNFil4iInT090mlQyilQTIfEAIiG25pY2VzbyBrb3RhIGpha2FydGEgc2VsYXRhbuABAA!16s%2Fg%2F11wft62hxf?hl=en&entry=ttu&g_ep=EgoyMDI1MDYwMS4wIKXMDSoASAFQAw%3D%3D"
DKI JAKARTA,KOTA JAKARTA TIMUR,Ps Rebo,NICESO STORE,Home goods store,-6.328194,106.6984463,"Jl. H. Hasan No.27 2, RT.4/RW.1, Baru, Kec. Ps. Rebo, Kota Jakarta Timur, Daerah Khusus Ibukota Jakarta 13780","https://www.google.com/maps/place/NICESO+STORE/@-6.328194,106.6984463,12z/data=!4m10!1m2!2m1!1sNICESO+KOTA+JAKARTA+TIMUR!3m6!1s0x2e69eda79b551555:0x7924c6138d1a5ad7!8m2!3d-6.328194!4d106.8508816!15sChlOSUNFU08gS09UQSBKQUtBUlRBIFRJTVVSkgEQaG9tZV9nb29kc19zdG9yZaoBThABKgoiBm5pY2VzbygAMh8QASIbJdvVMFmxgXZYincmQMIDl7AcW1M8q78TPxExMh0QAiIZbmljZXNvIGtvdGEgamFrYXJ0YSB0aW11cuABAA!16s%2Fg%2F11g4gl0l8n?hl=en&entry=ttu&g_ep=EgoyMDI1MDYwMS4wIKXMDSoASAFQAw%3D%3D"
DKI JAKARTA,KOTA JAKARTA TIMUR,Cakung,NICESO CAKUNG,Store,-6.194763,106.753311,"Jl. Raya Bekasi No.7, RT.7/RW.11, Jatinegara, Kec. Cakung, Kota Jakarta Timur, Daerah Khusus Ibukota Jakarta 13930","https://www.google.com/maps/place/NICESO+CAKUNG/@-6.194763,106.753311,12z/data=!4m10!1m2!2m1!1sNICESO+KOTA+JAKARTA+TIMUR!3m6!1s0x2e69f5f016d7699b:0xc95c437bd20c037!8m2!3d-6.194763!4d106.9057463!15sChlOSUNFU08gS09UQSBKQUtBUlRBIFRJTVVSkgEFc3RvcmWqAU4QASoKIgZuaWNlc28oADIfEAEiGyXb1TBZsYF2WIp3JkDCA5ewHFtTPKu_Ez8RMTIdEAIiGW5pY2VzbyBrb3RhIGpha2FydGEgdGltdXLgAQA!16s%2Fg%2F11t257_nyn?hl=en&entry=ttu&g_ep=EgoyMDI1MDYwMS4wIKXMDSoASAFQAw%3D%3D"
DKI JAKARTA,KOTA JAKARTA TIMUR,Ciracas,NICESO CIRACAS KEONG,Home goods store,-6.3303956,106.7151324,"Jl. Raya Ciracas No.19 1, RT.1/RW.8, Ciracas, Kec. Ciracas, Kota Jakarta Timur, Daerah Khusus Ibukota Jakarta 13750","https://www.google.com/maps/place/NICESO+CIRACAS+KEONG/@-6.3303956,106.7151324,12z/data=!4m10!1m2!2m1!1sNICESO+KOTA+JAKARTA+TIMUR!3m6!1s0x2e69ed5805c60299:0x5ca8726210d08963!8m2!3d-6.3303956!4d106.8675677!15sChlOSUNFU08gS09UQSBKQUtBUlRBIFRJTVVSkgEQaG9tZV9nb29kc19zdG9yZaoBThABKgoiBm5pY2VzbygAMh8QASIbJdvVMFmxgXZYincmQMIDl7AcW1M8q78TPxExMh0QAiIZbmljZXNvIGtvdGEgamFrYXJ0YSB0aW11cuABAA!16s%2Fg%2F11h_g06wpr?hl=en&entry=ttu&g_ep=EgoyMDI1MDYwMS4wIKXMDSoASAFQAw%3D%3D"
DKI JAKARTA,KOTA JAKARTA TIMUR,Kramat jati,NICESO CONDET,Shopping mall,-6.3303956,106.7151324,"Jl. Raya Condet No.80, RT.5/RW.3, Batu Ampar, Kec. Kramat jati, Kota Jakarta Timur, Daerah Khusus Ibukota Jakarta 13530","https://www.google.com/maps/place/NICESO+CONDET/@-6.3303956,106.7151324,12z/data=!4m10!1m2!2m1!1sNICESO+KOTA+JAKARTA+TIMUR!3m6!1s0x2e69f332c6ac48f7:0xf64db532a8022819!8m2!3d-6.279835!4d106.8552184!15sChlOSUNFU08gS09UQSBKQUtBUlRBIFRJTVVSkgEPc2hvcHBpbmdfY2VudGVyqgFOEAEqCiIGbmljZXNvKAAyHxABIhsl29UwWbGBdliKdyZAwgOXsBxbUzyrvxM_ETEyHRACIhluaWNlc28ga290YSBqYWthcnRhIHRpbXVy4AEA!16s%2Fg%2F11t572l64v?hl=en&entry=ttu&g_ep=EgoyMDI1MDYwMS4wIKXMDSoASAFQAw%3D%3D"
DKI JAKARTA,KOTA JAKARTA TIMUR,Cakung,Niceso Pulojahe,Home goods store,-6.199112,106.7695749,"Jl. Dr. KRT Radjiman Widyodiningrat No.3-74, RT.3/RW.14, Jatinegara, Kec. Cakung, Kota Jakarta Timur, Daerah Khusus Ibukota Jakarta 13930","https://www.google.com/maps/place/Niceso+Pulojahe/@-6.199112,106.7695749,12z/data=!4m10!1m2!2m1!1sNICESO+KOTA+JAKARTA+TIMUR!3m6!1s0x2e698b15ad2645bf:0x50175c01b6571ce7!8m2!3d-6.199112!4d106.9220102!15sChlOSUNFU08gS09UQSBKQUtBUlRBIFRJTVVSkgEQaG9tZV9nb29kc19zdG9yZaoBThABKgoiBm5pY2VzbygAMh8QASIbJdvVMFmxgXZYincmQMIDl7AcW1M8q78TPxExMh0QAiIZbmljZXNvIGtvdGEgamFrYXJ0YSB0aW11cuABAA!16s%2Fg%2F11hz13bgfy?hl=en&entry=ttu&g_ep=EgoyMDI1MDYwMS4wIKXMDSoASAFQAw%3D%3D"
DKI JAKARTA,KOTA JAKARTA TIMUR,Kramat jati,Nice so Batu ampar,Convenience store,-6.199112,106.7695749,"17, RW.2, Batu Ampar, Kec. Kramat jati, Kota Jakarta Timur, Daerah Khusus Ibukota Jakarta","https://www.google.com/maps/place/Nice+so+Batu+ampar/@-6.199112,106.7695749,12z/data=!4m10!1m2!2m1!1sNICESO+KOTA+JAKARTA+TIMUR!3m6!1s0x2e69f37425018631:0xec429addb5706e6d!8m2!3d-6.2726808!4d106.8631338!15sChlOSUNFU08gS09UQSBKQUtBUlRBIFRJTVVSkgERY29udmVuaWVuY2Vfc3RvcmWqAU4QASoKIgZuaWNlc28oADIfEAEiGyXb1TBZsYF2WIp3JkDCA5ewHFtTPKu_Ez8RMTIdEAIiGW5pY2VzbyBrb3RhIGpha2FydGEgdGltdXLgAQA!16s%2Fg%2F11rjjxdwv5?hl=en&entry=ttu&g_ep=EgoyMDI1MDYwMS4wIKXMDSoASAFQAw%3D%3D"
DKI JAKARTA,KOTA JAKARTA TIMUR,Ciracas,Niceso Cibubur,Shopping mall,-6.3483545,106.7238054,"No.52RT, Daerah Khusu IbuJl, Jl. Lap. Tembak No.3, RW.2, Cibubur, Kec. Ciracas, Kota Jakarta Timur, Daerah Khusus Ibukota Jakarta 13720","https://www.google.com/maps/place/Niceso+Cibubur/@-6.3483545,106.7238054,12z/data=!4m10!1m2!2m1!1sNICESO+KOTA+JAKARTA+TIMUR!3m6!1s0x2e69ed398c6b64b5:0x9408b44102fd29ed!8m2!3d-6.3483545!4d106.8762407!15sChlOSUNFU08gS09UQSBKQUtBUlRBIFRJTVVSkgEPc2hvcHBpbmdfY2VudGVyqgFOEAEqCiIGbmljZXNvKAAyHxABIhsl29UwWbGBdliKdyZAwgOXsBxbUzyrvxM_ETEyHRACIhluaWNlc28ga290YSBqYWthcnRhIHRpbXVy4AEA!16s%2Fg%2F11t522m98w?hl=en&entry=ttu&g_ep=EgoyMDI1MDYwMS4wIKXMDSoASAFQAw%3D%3D"
DKI JAKARTA,KOTA JAKARTA TIMUR,Ciracas,NICESO SUSUKAN CIRACAS,Convenience store,-6.3483545,106.7238054,"Jl. Suci No.85 B 11, RT.1/RW.3, Susukan, Kec. Ciracas, Kota Jakarta Timur, Daerah Khusus Ibukota Jakarta 13750","https://www.google.com/maps/place/NICESO+SUSUKAN+CIRACAS/@-6.3483545,106.7238054,12z/data=!4m10!1m2!2m1!1sNICESO+KOTA+JAKARTA+TIMUR!3m6!1s0x2e69ed005a635fb7:0x4475378dced52e5f!8m2!3d-6.3087213!4d106.8747438!15sChlOSUNFU08gS09UQSBKQUtBUlRBIFRJTVVSkgERY29udmVuaWVuY2Vfc3RvcmWqAU4QASoKIgZuaWNlc28oADIfEAEiGyXb1TBZsYF2WIp3JkDCA5ewHFtTPKu_Ez8RMTIdEAIiGW5pY2VzbyBrb3RhIGpha2FydGEgdGltdXLgAQA!16s%2Fg%2F11y2k8j6jx?hl=en&entry=ttu&g_ep=EgoyMDI1MDYwMS4wIKXMDSoASAFQAw%3D%3D"
DKI JAKARTA,KOTA JAKARTA TIMUR,Matraman,NICESO KAYU MANIS,Shopping mall,-6.1977284,106.7095058,"Jl. Kayu Manis Timur No.4, Utan Kayu Utara, Kec. Matraman, Kota Jakarta Timur, Daerah Khusus Ibukota Jakarta 13130","https://www.google.com/maps/place/NICESO+KAYU+MANIS/@-6.1977284,106.7095058,12z/data=!4m10!1m2!2m1!1sNICESO+KOTA+JAKARTA+TIMUR!3m6!1s0x2e69f5ade92b2c59:0xa3823cd7c3008a56!8m2!3d-6.1977284!4d106.8619411!15sChlOSUNFU08gS09UQSBKQUtBUlRBIFRJTVVSkgEPc2hvcHBpbmdfY2VudGVyqgFOEAEqCiIGbmljZXNvKAAyHxABIhsl29UwWbGBdliKdyZAwgOXsBxbUzyrvxM_ETEyHRACIhluaWNlc28ga290YSBqYWthcnRhIHRpbXVy4AEA!16s%2Fg%2F11gy7d09sf?hl=en&entry=ttu&g_ep=EgoyMDI1MDYwMS4wIKXMDSoASAFQAw%3D%3D"
DKI JAKARTA,KOTA JAKARTA TIMUR,Unknown,NICESO KEBAGUSAN,Convenience store,-6.1977284,106.7095058,"10, RT.10/RW.7, Kebagusan, Ps. Minggu, Kota Jakarta Selatan, Daerah Khusus Ibukota Jakarta 12550","https://www.google.com/maps/place/NICESO+KEBAGUSAN/@-6.1977284,106.7095058,12z/data=!4m10!1m2!2m1!1sNICESO+KOTA+JAKARTA+TIMUR!3m6!1s0x2e69ed4e5238556b:0x1be8bb74b68eb6a8!8m2!3d-6.3158115!4d106.8252448!15sChlOSUNFU08gS09UQSBKQUtBUlRBIFRJTVVSkgERY29udmVuaWVuY2Vfc3RvcmWqAU4QASoKIgZuaWNlc28oADIfEAEiGyXb1TBZsYF2WIp3JkDCA5ewHFtTPKu_Ez8RMTIdEAIiGW5pY2VzbyBrb3RhIGpha2FydGEgdGltdXLgAQA!16s%2Fg%2F11rg_nh4q0?hl=en&entry=ttu&g_ep=EgoyMDI1MDYwMS4wIKXMDSoASAFQAw%3D%3D"
DKI JAKARTA,KOTA JAKARTA TIMUR,Duren Sawit,NICESO Pondok Kopi,Convenience store,-6.1977284,106.7095058,"Jl. Pd. Kopi Ujung No.Kel 003, RT.2/RW.3, Pd. Kopi, Kec. Duren Sawit, Kota Jakarta Timur, Daerah Khusus Ibukota Jakarta 13460","https://www.google.com/maps/place/NICESO+Pondok+Kopi/@-6.1977284,106.7095058,12z/data=!4m10!1m2!2m1!1sNICESO+KOTA+JAKARTA+TIMUR!3m6!1s0x2e698d3b9389eae1:0x6c5ba60592eabb83!8m2!3d-6.2316137!4d106.9429421!15sChlOSUNFU08gS09UQSBKQUtBUlRBIFRJTVVSkgERY29udmVuaWVuY2Vfc3RvcmWqAU4QASoKIgZuaWNlc28oADIfEAEiGyXb1TBZsYF2WIp3JkDCA5ewHFtTPKu_Ez8RMTIdEAIiGW5pY2VzbyBrb3RhIGpha2FydGEgdGltdXLgAQA!16s%2Fg%2F11trtz762l?hl=en&entry=ttu&g_ep=EgoyMDI1MDYwMS4wIKXMDSoASAFQAw%3D%3D"
DKI JAKARTA,KOTA JAKARTA UTARA,Tj Priok,Niceso Sunter,Store,-6.130268,106.8762363,"Jl. Sunter Kemayoran No.4, Sunter Jaya, Kec. Tj. Priok, Jkt Utara, Daerah Khusus Ibukota Jakarta 14360","https://www.google.com/maps/place/Niceso+Sunter/@-6.130268,106.8762363,14z/data=!4m10!1m2!2m1!1sNICESO+KOTA+JAKARTA+UTARA!3m6!1s0x2e69f5865c7b167f:0x3dfafada4e7113c8!8m2!3d-6.1539056!4d106.8606935!15sChlOSUNFU08gS09UQSBKQUtBUlRBIFVUQVJBkgEFc3RvcmWqAU4QASoKIgZuaWNlc28oADIfEAEiG2ymdGnRXNrE-o5qSu2CX687yYVBz-rZqgb0vjIdEAIiGW5pY2VzbyBrb3RhIGpha2FydGEgdXRhcmHgAQA!16s%2Fg%2F11fmgzl4f7?hl=en&entry=ttu&g_ep=EgoyMDI1MDYwMS4wIKXMDSoASAFQAw%3D%3D"
DKI JAKARTA,KOTA JAKARTA UTARA,Koja,NICESO KOJA,Supermarket,-6.1539056,106.8225847,"Jl. Anggrek 2 No.15 7, RT.7/RW.2, Tugu Utara, Kec. Koja, Jkt Utara, Daerah Khusus Ibukota Jakarta 14260","https://www.google.com/maps/place/NICESO+KOJA/@-6.1539056,106.8225847,14z/data=!4m10!1m2!2m1!1sNICESO+KOTA+JAKARTA+UTARA!3m6!1s0x2e6a1fb63c0d2fdb:0x1953ec4c7fde7c59!8m2!3d-6.1272791!4d106.910098!15sChlOSUNFU08gS09UQSBKQUtBUlRBIFVUQVJBkgELc3VwZXJtYXJrZXSqAU4QASoKIgZuaWNlc28oADIfEAEiG2ymdGnRXNrE-o5qSu2CX687yYVBz-rZqgb0vjIdEAIiGW5pY2VzbyBrb3RhIGpha2FydGEgdXRhcmHgAQA!16s%2Fg%2F11h4d4rpv1?hl=en&entry=ttu&g_ep=EgoyMDI1MDYwMS4wIKXMDSoASAFQAw%3D%3D"
DKI JAKARTA,KOTA JAKARTA UTARA,Cilincing,NICESO CILINCING,Convenience store,-6.1272791,106.8719892,"Jl. Semper Tim. I No.17A 1, RT.1/RW.6, Semper Tim., Kec. Cilincing, Jkt Utara, Daerah Khusus Ibukota Jakarta 14130","https://www.google.com/maps/place/NICESO+CILINCING/@-6.1272791,106.8719892,14z/data=!4m10!1m2!2m1!1sNICESO+KOTA+JAKARTA+UTARA!3m6!1s0x2e6a210029f346a5:0x3d7afb5763ad1939!8m2!3d-6.1066312!4d106.9329783!15sChlOSUNFU08gS09UQSBKQUtBUlRBIFVUQVJBkgERY29udmVuaWVuY2Vfc3RvcmWqAU4QASoKIgZuaWNlc28oADIfEAEiG2ymdGnRXNrE-o5qSu2CX687yYVBz-rZqgb0vjIdEAIiGW5pY2VzbyBrb3RhIGpha2FydGEgdXRhcmHgAQA!16s%2Fg%2F11x8z4s25w?hl=en&entry=ttu&g_ep=EgoyMDI1MDYwMS4wIKXMDSoASAFQAw%3D%3D"
DKI JAKARTA,KOTA JAKARTA UTARA,Tj Priok,NICE SO Warakas,Supermarket,-6.1146466,106.8432175,"No Jl. Gorontalo Raya No.11 12 12, RT.12/RW.1, Sungai Bambu, Kec. Tj. Priok, Jkt Utara, Daerah Khusus Ibukota Jakarta 14330","https://www.google.com/maps/place/NICE+SO+Warakas/@-6.1146466,106.8432175,14z/data=!4m10!1m2!2m1!1sNICESO+KOTA+JAKARTA+UTARA!3m6!1s0x2e6a1fc4989f29f1:0x7c36f63a2009fc01!8m2!3d-6.1146466!4d106.8813263!15sChlOSUNFU08gS09UQSBKQUtBUlRBIFVUQVJBkgELc3VwZXJtYXJrZXSqAU4QASoKIgZuaWNlc28oADIfEAEiG2ymdGnRXNrE-o5qSu2CX687yYVBz-rZqgb0vjIdEAIiGW5pY2VzbyBrb3RhIGpha2FydGEgdXRhcmHgAQA!16s%2Fg%2F11h55n2drs?hl=en&entry=ttu&g_ep=EgoyMDI1MDYwMS4wIKXMDSoASAFQAw%3D%3D"
DKI JAKARTA,KOTA JAKARTA UTARA,Koja,Niceso Muncang,Shopping mall,-6.1146466,106.8432175,"3, RT.3/RW.12, Lagoa, Kec. Koja, Jkt Utara, Daerah Khusus Ibukota Jakarta 14270","https://www.google.com/maps/place/Niceso+Muncang/@-6.1146466,106.8432175,14z/data=!4m10!1m2!2m1!1sNICESO+KOTA+JAKARTA+UTARA!3m6!1s0x2e6a1fce18f7d21b:0x2c45fae0c7e6e6f8!8m2!3d-6.1160567!4d106.9068679!15sChlOSUNFU08gS09UQSBKQUtBUlRBIFVUQVJBkgEPc2hvcHBpbmdfY2VudGVyqgFOEAEqCiIGbmljZXNvKAAyHxABIhtspnRp0VzaxPqOakrtgl-vO8mFQc_q2aoG9L4yHRACIhluaWNlc28ga290YSBqYWthcnRhIHV0YXJh4AEA!16s%2Fg%2F11qg43x3bg?hl=en&entry=ttu&g_ep=EgoyMDI1MDYwMS4wIKXMDSoASAFQAw%3D%3D"
DKI JAKARTA,KOTA JAKARTA BARAT,Unknown,NICESO Meruya,Hotel supply store,-6.1091178,106.58755,"Jl. Meruya Utara No.18 64, RT.18/RW.4, North Meruya, Kembangan, West Jakarta City, Jakarta 11620","https://www.google.com/maps/place/NICESO+Meruya/@-6.1091178,106.58755,12z/data=!4m10!1m2!2m1!1sNICESO+KOTA+JAKARTA+BARAT!3m6!1s0x2e69f74ecbcbd4ef:0x76d3f5ca73aead1a!8m2!3d-6.1986513!4d106.7390395!15sChlOSUNFU08gS09UQSBKQUtBUlRBIEJBUkFUWhsiGW5pY2VzbyBrb3RhIGpha2FydGEgYmFyYXSSARJob3RlbF9zdXBwbHlfc3RvcmWqAU4QASoKIgZuaWNlc28oADIfEAEiGzEPycSFcwRVZOas2wLsSj-GFRolR0K6vjacfDIdEAIiGW5pY2VzbyBrb3RhIGpha2FydGEgYmFyYXTgAQA!16s%2Fg%2F11tb08qr39?hl=en&entry=ttu&g_ep=EgoyMDI1MDYwMS4wIKXMDSoASAFQAw%3D%3D"
DKI JAKARTA,KOTA JAKARTA BARAT,Kalideres,NICESO BAMBU LARANGAN,Convenience store,-6.1091178,106.58755,"Jl. Bambu Larangan No.78 1, RT.1/RW.17, Pegadungan, Kec. Kalideres, Kota Jakarta Barat, Daerah Khusus Ibukota Jakarta 11830","https://www.google.com/maps/place/NICESO+BAMBU+LARANGAN/@-6.1091178,106.58755,12z/data=!4m10!1m2!2m1!1sNICESO+KOTA+JAKARTA+BARAT!3m6!1s0x2e69f80751ef2fd9:0xc7bb1b2cbe791b79!8m2!3d-6.1397353!4d106.7171583!15sChlOSUNFU08gS09UQSBKQUtBUlRBIEJBUkFUkgERY29udmVuaWVuY2Vfc3RvcmWqAU4QASoKIgZuaWNlc28oADIfEAEiGzEPycSFcwRVZOas2wLsSj-GFRolR0K6vjacfDIdEAIiGW5pY2VzbyBrb3RhIGpha2FydGEgYmFyYXTgAQA!16s%2Fg%2F11kzclwwp3?hl=en&entry=ttu&g_ep=EgoyMDI1MDYwMS4wIKXMDSoASAFQAw%3D%3D"
DKI JAKARTA,KOTA JAKARTA BARAT,Unknown,Niceso Tegal Alur,Convenience store,-6.1091178,106.58755,"RT.3/RW.6, Tegal Alur, Kalideres, West Jakarta City, Jakarta 11820","https://www.google.com/maps/place/Niceso+Tegal+Alur/@-6.1091178,106.58755,12z/data=!4m10!1m2!2m1!1sNICESO+KOTA+JAKARTA+BARAT!3m6!1s0x2e6a037b683830f1:0xbc782c88ab3b3689!8m2!3d-6.124258!4d106.7227769!15sChlOSUNFU08gS09UQSBKQUtBUlRBIEJBUkFUWhsiGW5pY2VzbyBrb3RhIGpha2FydGEgYmFyYXSSARFjb252ZW5pZW5jZV9zdG9yZaoBThABKgoiBm5pY2VzbygAMh8QASIbMQ_JxIVzBFVk5qzbAuxKP4YVGiVHQrq-Npx8Mh0QAiIZbmljZXNvIGtvdGEgamFrYXJ0YSBiYXJhdOABAA!16s%2Fg%2F11j006r3r0?hl=en&entry=ttu&g_ep=EgoyMDI1MDYwMS4wIKXMDSoASAFQAw%3D%3D"
DKI JAKARTA,KOTA JAKARTA BARAT,Tambora,NICESO TAMBORA JEMBATAN LIMA,Home goods store,-6.1091178,106.58755,"Jl. KH.Moh.Mansyur No.102, RW.1, Tambora, Kec. Tambora, Kota Jakarta Barat, Daerah Khusus Ibukota Jakarta 11250","https://www.google.com/maps/place/NICESO+TAMBORA+JEMBATAN+LIMA/@-6.1091178,106.58755,12z/data=!4m10!1m2!2m1!1sNICESO+KOTA+JAKARTA+BARAT!3m6!1s0x2e69f741243afa37:0xef4d20a23777fd66!8m2!3d-6.1464894!4d106.8072347!15sChlOSUNFU08gS09UQSBKQUtBUlRBIEJBUkFUWhsiGW5pY2VzbyBrb3RhIGpha2FydGEgYmFyYXSSARBob21lX2dvb2RzX3N0b3JlqgFOEAEqCiIGbmljZXNvKAAyHxABIhsxD8nEhXMEVWTmrNsC7Eo_hhUaJUdCur42nHwyHRACIhluaWNlc28ga290YSBqYWthcnRhIGJhcmF04AEA!16s%2Fg%2F11tnxs_yf7?hl=en&entry=ttu&g_ep=EgoyMDI1MDYwMS4wIKXMDSoASAFQAw%3D%3D"
DKI JAKARTA,KOTA JAKARTA BARAT,Palmerah,NICESO Rawa Belong,Store,-6.1091178,106.58755,"Jl. Rw. Belong No.14 3, RT.3/RW.15, Palmerah, Kec. Palmerah, Kota Jakarta Barat, Daerah Khusus Ibukota Jakarta 11480","https://www.google.com/maps/place/NICESO+Rawa+Belong/@-6.1091178,106.58755,12z/data=!4m10!1m2!2m1!1sNICESO+KOTA+JAKARTA+BARAT!3m6!1s0x2e69f700591ed205:0x412be275ce13e6cc!8m2!3d-6.2053522!4d106.7832501!15sChlOSUNFU08gS09UQSBKQUtBUlRBIEJBUkFUkgEFc3RvcmWqAU4QASoKIgZuaWNlc28oADIfEAEiGzEPycSFcwRVZOas2wLsSj-GFRolR0K6vjacfDIdEAIiGW5pY2VzbyBrb3RhIGpha2FydGEgYmFyYXTgAQA!16s%2Fg%2F11wvllzlr8?hl=en&entry=ttu&g_ep=EgoyMDI1MDYwMS4wIKXMDSoASAFQAw%3D%3D"
DKI JAKARTA,KOTA JAKARTA BARAT,Kalideres,NICESO Peta Cengkareng,Store,-6.1091178,106.58755,"Jl. Peta Barat No.97, RT.1/RW.7, Kalideres, Kec. Kalideres, Kota Jakarta Barat, Daerah Khusus Ibukota Jakarta 11840","https://www.google.com/maps/place/NICESO+Peta+Cengkareng/@-6.1091178,106.58755,12z/data=!4m10!1m2!2m1!1sNICESO+KOTA+JAKARTA+BARAT!3m6!1s0x2e69f900278b55b1:0xe004fadca58305d!8m2!3d-6.1431108!4d106.6967736!15sChlOSUNFU08gS09UQSBKQUtBUlRBIEJBUkFUkgEFc3RvcmWqAU4QASoKIgZuaWNlc28oADIfEAEiGzEPycSFcwRVZOas2wLsSj-GFRolR0K6vjacfDIdEAIiGW5pY2VzbyBrb3RhIGpha2FydGEgYmFyYXTgAQA!16s%2Fg%2F11ybt7_7bd?hl=en&entry=ttu&g_ep=EgoyMDI1MDYwMS4wIKXMDSoASAFQAw%3D%3D"
DKI JAKARTA,KOTA JAKARTA BARAT,Kalideres,NICESO KALIDERES,Convenience store,-6.1091178,106.58755,"Jl. Utan Jati No.88 D, RT.7/RW.12, Kalideres, Kec. Kalideres, Kota Jakarta Barat, Daerah Khusus Ibukota Jakarta 11840","https://www.google.com/maps/place/NICESO+KALIDERES/@-6.1091178,106.58755,12z/data=!4m10!1m2!2m1!1sNICESO+KOTA+JAKARTA+BARAT!3m6!1s0x2e69f90066e37d67:0xd2d14a9ca2fc3511!8m2!3d-6.1482667!4d106.7147616!15sChlOSUNFU08gS09UQSBKQUtBUlRBIEJBUkFUkgERY29udmVuaWVuY2Vfc3RvcmWqAU4QASoKIgZuaWNlc28oADIfEAEiGzEPycSFcwRVZOas2wLsSj-GFRolR0K6vjacfDIdEAIiGW5pY2VzbyBrb3RhIGpha2FydGEgYmFyYXTgAQA!16s%2Fg%2F11vt8g2y0c?hl=en&entry=ttu&g_ep=EgoyMDI1MDYwMS4wIKXMDSoASAFQAw%3D%3D"
DKI JAKARTA,KOTA JAKARTA BARAT,Kby Lama,NICESO CIDODOL,Souvenir store,-6.1091178,106.58755,"Jl. Panjang Cidodol No.9-16 5, RT.6/RW.13, Grogol Sel., Kec. Kby. Lama, Kota Jakarta Selatan, Daerah Khusus Ibukota Jakarta 12220","https://www.google.com/maps/place/NICESO+CIDODOL/@-6.1091178,106.58755,12z/data=!4m10!1m2!2m1!1sNICESO+KOTA+JAKARTA+BARAT!3m6!1s0x2e69f1b8ec3f4837:0x37703982a717aa9d!8m2!3d-6.2299538!4d106.7719821!15sChlOSUNFU08gS09UQSBKQUtBUlRBIEJBUkFUkgEOc291dmVuaXJfc3RvcmWqAU4QASoKIgZuaWNlc28oADIfEAEiGzEPycSFcwRVZOas2wLsSj-GFRolR0K6vjacfDIdEAIiGW5pY2VzbyBrb3RhIGpha2FydGEgYmFyYXTgAQA!16s%2Fg%2F11fjmhhw1r?hl=en&entry=ttu&g_ep=EgoyMDI1MDYwMS4wIKXMDSoASAFQAw%3D%3D"
DKI JAKARTA,KOTA JAKARTA BARAT,Cengkareng,NICESO KOSAMBI,Store,-6.1091178,106.58755,"Jln. Kresek No 4 RT 004 RW 008 Duri Kosambi, Kecamatan Cengkareng, Jakarta Barat, Kec. Kosambi, Kabupaten Tangerang, Banten 11750","https://www.google.com/maps/place/NICESO+KOSAMBI/@-6.1091178,106.58755,12z/data=!4m10!1m2!2m1!1sNICESO+KOTA+JAKARTA+BARAT!3m6!1s0x2e4207004f40d86d:0xc256d04df37f915d!8m2!3d-6.178674!4d106.7168891!15sChlOSUNFU08gS09UQSBKQUtBUlRBIEJBUkFUkgEFc3RvcmWqAU4QASoKIgZuaWNlc28oADIfEAEiGzEPycSFcwRVZOas2wLsSj-GFRolR0K6vjacfDIdEAIiGW5pY2VzbyBrb3RhIGpha2FydGEgYmFyYXTgAQA!16s%2Fg%2F11y38hcsmw?hl=en&entry=ttu&g_ep=EgoyMDI1MDYwMS4wIKXMDSoASAFQAw%3D%3D"
DKI JAKARTA,KOTA JAKARTA BARAT,Ciracas,Niceso Cibubur,Shopping mall,-6.3483545,106.7238054,"No.52RT, Daerah Khusu IbuJl, Jl. Lap. Tembak No.3, RW.2, Cibubur, Kec. Ciracas, Kota Jakarta Timur, Daerah Khusus Ibukota Jakarta 13720","https://www.google.com/maps/place/Niceso+Cibubur/@-6.3483545,106.7238054,12z/data=!4m10!1m2!2m1!1sNICESO+KOTA+JAKARTA+BARAT!3m6!1s0x2e69ed398c6b64b5:0x9408b44102fd29ed!8m2!3d-6.3483545!4d106.8762407!15sChlOSUNFU08gS09UQSBKQUtBUlRBIEJBUkFUkgEPc2hvcHBpbmdfY2VudGVyqgFOEAEqCiIGbmljZXNvKAAyHxABIhsxD8nEhXMEVWTmrNsC7Eo_hhUaJUdCur42nHwyHRACIhluaWNlc28ga290YSBqYWthcnRhIGJhcmF04AEA!16s%2Fg%2F11t522m98w?hl=en&entry=ttu&g_ep=EgoyMDI1MDYwMS4wIKXMDSoASAFQAw%3D%3D"
DKI JAKARTA,KOTA JAKARTA BARAT,Larangan,Nice So,Home goods store,-6.2354338,106.5877964,"Jl. HOS Cokroaminoto, RT.001/RW.006, Larangan Utara, Kec. Larangan, Kota Tangerang, Banten 15156","https://www.google.com/maps/place/Nice+So/@-6.2354338,106.5877964,12z/data=!4m10!1m2!2m1!1sNICESO+KOTA+JAKARTA+BARAT!3m6!1s0x2e69f15647cc1069:0xf6a4bf337a93151d!8m2!3d-6.2354338!4d106.7402317!15sChlOSUNFU08gS09UQSBKQUtBUlRBIEJBUkFUkgEQaG9tZV9nb29kc19zdG9yZaoBThABKgoiBm5pY2VzbygAMh8QASIbMQ_JxIVzBFVk5qzbAuxKP4YVGiVHQrq-Npx8Mh0QAiIZbmljZXNvIGtvdGEgamFrYXJ0YSBiYXJhdOABAA!16s%2Fg%2F11h761_sd8?hl=en&entry=ttu&g_ep=EgoyMDI1MDYwMS4wIKXMDSoASAFQAw%3D%3D"
DKI JAKARTA,KOTA JAKARTA BARAT,Unknown,NICESO KEBAGUSAN,Convenience store,-6.2354338,106.5877964,"10, RT.10/RW.7, Kebagusan, Ps. Minggu, Kota Jakarta Selatan, Daerah Khusus Ibukota Jakarta 12550","https://www.google.com/maps/place/NICESO+KEBAGUSAN/@-6.2354338,106.5877964,12z/data=!4m10!1m2!2m1!1sNICESO+KOTA+JAKARTA+BARAT!3m6!1s0x2e69ed4e5238556b:0x1be8bb74b68eb6a8!8m2!3d-6.3158115!4d106.8252448!15sChlOSUNFU08gS09UQSBKQUtBUlRBIEJBUkFUkgERY29udmVuaWVuY2Vfc3RvcmWqAU4QASoKIgZuaWNlc28oADIfEAEiGzEPycSFcwRVZOas2wLsSj-GFRolR0K6vjacfDIdEAIiGW5pY2VzbyBrb3RhIGpha2FydGEgYmFyYXTgAQA!16s%2Fg%2F11rg_nh4q0?hl=en&entry=ttu&g_ep=EgoyMDI1MDYwMS4wIKXMDSoASAFQAw%3D%3D"
DKI JAKARTA,KOTA JAKARTA BARAT,Kramat jati,NICESO CONDET,Shopping mall,-6.279835,106.7027831,"Jl. Raya Condet No.80, RT.5/RW.3, Batu Ampar, Kec. Kramat jati, Kota Jakarta Timur, Daerah Khusus Ibukota Jakarta 13530","https://www.google.com/maps/place/NICESO+CONDET/@-6.279835,106.7027831,12z/data=!4m10!1m2!2m1!1sNICESO+KOTA+JAKARTA+BARAT!3m6!1s0x2e69f332c6ac48f7:0xf64db532a8022819!8m2!3d-6.279835!4d106.8552184!15sChlOSUNFU08gS09UQSBKQUtBUlRBIEJBUkFUkgEPc2hvcHBpbmdfY2VudGVyqgFOEAEqCiIGbmljZXNvKAAyHxABIhsxD8nEhXMEVWTmrNsC7Eo_hhUaJUdCur42nHwyHRACIhluaWNlc28ga290YSBqYWthcnRhIGJhcmF04AEA!16s%2Fg%2F11t572l64v?hl=en&entry=ttu&g_ep=EgoyMDI1MDYwMS4wIKXMDSoASAFQAw%3D%3D"
DKI JAKARTA,KOTA JAKARTA BARAT,Unknown,NICESO CIRENDEU,Home goods store,-6.279835,106.7027831,"Pisangan, Ciputat Timur, South Tangerang City, Banten 15419","https://www.google.com/maps/place/NICESO+CIRENDEU/@-6.279835,106.7027831,12z/data=!4m10!1m2!2m1!1sNICESO+KOTA+JAKARTA+BARAT!3m6!1s0x2e69ef2d1b959ba3:0xf979403d88d1e1e6!8m2!3d-6.3189661!4d106.7687528!15sChlOSUNFU08gS09UQSBKQUtBUlRBIEJBUkFUWhsiGW5pY2VzbyBrb3RhIGpha2FydGEgYmFyYXSSARBob21lX2dvb2RzX3N0b3JlqgFOEAEqCiIGbmljZXNvKAAyHxABIhsxD8nEhXMEVWTmrNsC7Eo_hhUaJUdCur42nHwyHRACIhluaWNlc28ga290YSBqYWthcnRhIGJhcmF04AEA!16s%2Fg%2F11mv9_rycr?hl=en&entry=ttu&g_ep=EgoyMDI1MDYwMS4wIKXMDSoASAFQAw%3D%3D"
DKI JAKARTA,KOTA JAKARTA BARAT,Cengkareng,NICESO SEMANAN,Convenience store,-6.1639755,106.5700011,"Jl. Taman Semanan Indah No.7, Duri Kosambi, Kecamatan Cengkareng, Kota Jakarta Barat, Daerah Khusus Ibukota Jakarta 11750","https://www.google.com/maps/place/NICESO+SEMANAN/@-6.1639755,106.5700011,12z/data=!4m10!1m2!2m1!1sNICESO+KOTA+JAKARTA+BARAT!3m6!1s0x2e69f9601f08ed31:0x8f79079cfc2c697d!8m2!3d-6.1639755!4d106.7224364!15sChlOSUNFU08gS09UQSBKQUtBUlRBIEJBUkFUkgERY29udmVuaWVuY2Vfc3RvcmWqAU4QASoKIgZuaWNlc28oADIfEAEiGzEPycSFcwRVZOas2wLsSj-GFRolR0K6vjacfDIdEAIiGW5pY2VzbyBrb3RhIGpha2FydGEgYmFyYXTgAQA!16s%2Fg%2F11lccy50j8?hl=en&entry=ttu&g_ep=EgoyMDI1MDYwMS4wIKXMDSoASAFQAw%3D%3D"
DKI JAKARTA,KOTA JAKARTA PUSAT,Johar Baru,Niceso Joharbaru,Supermarket,-6.1638679,106.3227404,"Jl. Percetakan Negara II No.22 3, RT.3/RW.3, Johar Baru, Kec. Johar Baru, Kota Jakarta Pusat, Daerah Khusus Ibukota Jakarta 10560","https://www.google.com/maps/place/Niceso+Joharbaru/@-6.1638679,106.3227404,10z/data=!4m10!1m2!2m1!1sNICESO+KOTA+JAKARTA+PUSAT!3m6!1s0x2e69f524605a5c43:0x4e17edf68517de45!8m2!3d-6.1835335!4d106.8561012!15sChlOSUNFU08gS09UQSBKQUtBUlRBIFBVU0FUkgELc3VwZXJtYXJrZXSqAVwKDS9nLzExcGRqYzhrNGsQASoKIgZuaWNlc28oADIeEAEiGnKWmq-oI09vkhicLhFzAssgxza3kRBCAxXfMh0QAiIZbmljZXNvIGtvdGEgamFrYXJ0YSBwdXNhdOABAA!16s%2Fg%2F11fj6syc2x?hl=en&entry=ttu&g_ep=EgoyMDI1MDYwMS4wIKXMDSoASAFQAw%3D%3D"
DKI JAKARTA,KOTA JAKARTA PUSAT,Kemayoran RT,NICESO SERDANG RAYA,Home goods store,-6.1638679,106.3227404,"Jl. Serdang raya No. 22 Rt. 001/ 010 Kel. Cempaka baru Kec. Kemayoran RT.7, RW Jl. Serdang Raya No.3, RT.2/RW.9, Cemp. Baru, Kec. Kemayoran, Kota Jakarta Pusat, Daerah Khusus Ibukota Jakarta 10640","https://www.google.com/maps/place/NICESO+SERDANG+RAYA/@-6.1638679,106.3227404,10z/data=!4m10!1m2!2m1!1sNICESO+KOTA+JAKARTA+PUSAT!3m6!1s0x2e69f51152cf457f:0xac58cb7e127c7e5c!8m2!3d-6.1621448!4d106.8589679!15sChlOSUNFU08gS09UQSBKQUtBUlRBIFBVU0FUkgEQaG9tZV9nb29kc19zdG9yZaoBXAoNL2cvMTFwZGpjOGs0axABKgoiBm5pY2VzbygAMh4QASIacpaar6gjT2-SGJwuEXMCyyDHNreREEIDFd8yHRACIhluaWNlc28ga290YSBqYWthcnRhIHB1c2F04AEA!16s%2Fg%2F11pdjc8k4k?hl=en&entry=ttu&g_ep=EgoyMDI1MDYwMS4wIKXMDSoASAFQAw%3D%3D"
DKI JAKARTA,KOTA JAKARTA PUSAT,Tj Priok,Niceso Sunter,Store,-6.1638679,106.3227404,"Jl. Sunter Kemayoran No.4, Sunter Jaya, Kec. Tj. Priok, Jkt Utara, Daerah Khusus Ibukota Jakarta 14360","https://www.google.com/maps/place/Niceso+Sunter/@-6.1638679,106.3227404,10z/data=!4m10!1m2!2m1!1sNICESO+KOTA+JAKARTA+PUSAT!3m6!1s0x2e69f5865c7b167f:0x3dfafada4e7113c8!8m2!3d-6.1539056!4d106.8606935!15sChlOSUNFU08gS09UQSBKQUtBUlRBIFBVU0FUkgEFc3RvcmWqAVwKDS9nLzExcGRqYzhrNGsQASoKIgZuaWNlc28oADIeEAEiGnKWmq-oI09vkhicLhFzAssgxza3kRBCAxXfMh0QAiIZbmljZXNvIGtvdGEgamFrYXJ0YSBwdXNhdOABAA!16s%2Fg%2F11fmgzl4f7?hl=en&entry=ttu&g_ep=EgoyMDI1MDYwMS4wIKXMDSoASAFQAw%3D%3D"
DKI JAKARTA,KOTA JAKARTA PUSAT,Senen,NICESO Kramat,Shopping mall,-6.1638679,106.3227404,"Jl. Kramat Pulo Dalam 2 No.20-42, RT.10/RW.8, Kramat, Kec. Senen, Kota Jakarta Pusat, Daerah Khusus Ibukota Jakarta 10450","https://www.google.com/maps/place/NICESO+Kramat/@-6.1638679,106.3227404,10z/data=!4m10!1m2!2m1!1sNICESO+KOTA+JAKARTA+PUSAT!3m6!1s0x2e69f50041287191:0xe2d874e5a4dae64e!8m2!3d-6.1855248!4d106.8475721!15sChlOSUNFU08gS09UQSBKQUtBUlRBIFBVU0FUkgEPc2hvcHBpbmdfY2VudGVyqgFcCg0vZy8xMXBkamM4azRrEAEqCiIGbmljZXNvKAAyHhABIhpylpqvqCNPb5IYnC4RcwLLIMc2t5EQQgMV3zIdEAIiGW5pY2VzbyBrb3RhIGpha2FydGEgcHVzYXTgAQA!16s%2Fg%2F11y8j1jg_4?hl=en&entry=ttu&g_ep=EgoyMDI1MDYwMS4wIKXMDSoASAFQAw%3D%3D"
DKI JAKARTA,KOTA JAKARTA PUSAT,Johar Baru,NICESO PANGKALAN ASEM,Convenience store,-6.1638679,106.3227404,"Jl. Pangkalan Asem No.45, RT.4/RW.7, Galur, Kec. Johar Baru, Kota Jakarta Pusat, Daerah Khusus Ibukota Jakarta 10530","https://www.google.com/maps/place/NICESO+PANGKALAN+ASEM/@-6.1638679,106.3227404,10z/data=!4m10!1m2!2m1!1sNICESO+KOTA+JAKARTA+PUSAT!3m6!1s0x2e69f5005f030d71:0x63e9bce9a9d1fd13!8m2!3d-6.1760076!4d106.8581618!15sChlOSUNFU08gS09UQSBKQUtBUlRBIFBVU0FUkgERY29udmVuaWVuY2Vfc3RvcmWqAVwKDS9nLzExcGRqYzhrNGsQASoKIgZuaWNlc28oADIeEAEiGnKWmq-oI09vkhicLhFzAssgxza3kRBCAxXfMh0QAiIZbmljZXNvIGtvdGEgamFrYXJ0YSBwdXNhdOABAA!16s%2Fg%2F11wfqh21qc?hl=en&entry=ttu&g_ep=EgoyMDI1MDYwMS4wIKXMDSoASAFQAw%3D%3D"
DKI JAKARTA,KOTA JAKARTA PUSAT,Ciracas,Niceso Cibubur,Shopping mall,-6.1638679,106.3227404,"No.52RT, Daerah Khusu IbuJl, Jl. Lap. Tembak No.3, RW.2, Cibubur, Kec. Ciracas, Kota Jakarta Timur, Daerah Khusus Ibukota Jakarta 13720","https://www.google.com/maps/place/Niceso+Cibubur/@-6.1638679,106.3227404,10z/data=!4m10!1m2!2m1!1sNICESO+KOTA+JAKARTA+PUSAT!3m6!1s0x2e69ed398c6b64b5:0x9408b44102fd29ed!8m2!3d-6.3483545!4d106.8762407!15sChlOSUNFU08gS09UQSBKQUtBUlRBIFBVU0FUkgEPc2hvcHBpbmdfY2VudGVyqgFcCg0vZy8xMXBkamM4azRrEAEqCiIGbmljZXNvKAAyHhABIhpylpqvqCNPb5IYnC4RcwLLIMc2t5EQQgMV3zIdEAIiGW5pY2VzbyBrb3RhIGpha2FydGEgcHVzYXTgAQA!16s%2Fg%2F11t522m98w?hl=en&entry=ttu&g_ep=EgoyMDI1MDYwMS4wIKXMDSoASAFQAw%3D%3D"
DKI JAKARTA,KOTA JAKARTA PUSAT,Kramat jati,NICESO CONDET,Shopping mall,-6.1638679,106.3227404,"Jl. Raya Condet No.80, RT.5/RW.3, Batu Ampar, Kec. Kramat jati, Kota Jakarta Timur, Daerah Khusus Ibukota Jakarta 13530","https://www.google.com/maps/place/NICESO+CONDET/@-6.1638679,106.3227404,10z/data=!4m10!1m2!2m1!1sNICESO+KOTA+JAKARTA+PUSAT!3m6!1s0x2e69f332c6ac48f7:0xf64db532a8022819!8m2!3d-6.279835!4d106.8552184!15sChlOSUNFU08gS09UQSBKQUtBUlRBIFBVU0FUkgEPc2hvcHBpbmdfY2VudGVyqgFcCg0vZy8xMXBkamM4azRrEAEqCiIGbmljZXNvKAAyHhABIhpylpqvqCNPb5IYnC4RcwLLIMc2t5EQQgMV3zIdEAIiGW5pY2VzbyBrb3RhIGpha2FydGEgcHVzYXTgAQA!16s%2Fg%2F11t572l64v?hl=en&entry=ttu&g_ep=EgoyMDI1MDYwMS4wIKXMDSoASAFQAw%3D%3D"
DKI JAKARTA,KOTA JAKARTA PUSAT,Kby Lama,NICESO PONDOK PINANG,Home improvement store,-6.1638679,106.3227404,"Jl. Ciputat Raya No.2B, RT.5/RW.2, Pd. Pinang, Kec. Kby. Lama, Kota Jakarta Selatan, Daerah Khusus Ibukota Jakarta 12310","https://www.google.com/maps/place/NICESO+PONDOK+PINANG/@-6.1638679,106.3227404,10z/data=!4m10!1m2!2m1!1sNICESO+KOTA+JAKARTA+PUSAT!3m6!1s0x2e69f104aeca8d81:0x20a905c8ebc6c2bc!8m2!3d-6.2662937!4d106.7751858!15sChlOSUNFU08gS09UQSBKQUtBUlRBIFBVU0FUkgEWaG9tZV9pbXByb3ZlbWVudF9zdG9yZaoBXAoNL2cvMTFwZGpjOGs0axABKgoiBm5pY2VzbygAMh4QASIacpaar6gjT2-SGJwuEXMCyyDHNreREEIDFd8yHRACIhluaWNlc28ga290YSBqYWthcnRhIHB1c2F04AEA!16s%2Fg%2F11glxdw0jb?hl=en&entry=ttu&g_ep=EgoyMDI1MDYwMS4wIKXMDSoASAFQAw%3D%3D"
DKI JAKARTA,KOTA JAKARTA PUSAT,Cilandak,NICESO PONDOK LABU,Supermarket,-6.1638679,106.3227404,"Jl. Pd. Labu Raya No.6, RT.6/RW.1, Pd. Labu, Kec. Cilandak, Kota Jakarta Selatan, Daerah Khusus Ibukota Jakarta 12450","https://www.google.com/maps/place/NICESO+PONDOK+LABU/@-6.1638679,106.3227404,10z/data=!4m10!1m2!2m1!1sNICESO+KOTA+JAKARTA+PUSAT!3m6!1s0x2e69ef0b897d2877:0xefb51cc1ba25cd34!8m2!3d-6.3122074!4d106.793258!15sChlOSUNFU08gS09UQSBKQUtBUlRBIFBVU0FUkgELc3VwZXJtYXJrZXSqAVwKDS9nLzExcGRqYzhrNGsQASoKIgZuaWNlc28oADIeEAEiGnKWmq-oI09vkhicLhFzAssgxza3kRBCAxXfMh0QAiIZbmljZXNvIGtvdGEgamFrYXJ0YSBwdXNhdOABAA!16s%2Fg%2F11flbxh5cr?hl=en&entry=ttu&g_ep=EgoyMDI1MDYwMS4wIKXMDSoASAFQAw%3D%3D"
DKI JAKARTA,KOTA JAKARTA PUSAT,Matraman,NICESO KAYU MANIS,Shopping mall,-6.1638679,106.3227404,"Jl. Kayu Manis Timur No.4, Utan Kayu Utara, Kec. Matraman, Kota Jakarta Timur, Daerah Khusus Ibukota Jakarta 13130","https://www.google.com/maps/place/NICESO+KAYU+MANIS/@-6.1638679,106.3227404,10z/data=!4m10!1m2!2m1!1sNICESO+KOTA+JAKARTA+PUSAT!3m6!1s0x2e69f5ade92b2c59:0xa3823cd7c3008a56!8m2!3d-6.1977284!4d106.8619411!15sChlOSUNFU08gS09UQSBKQUtBUlRBIFBVU0FUkgEPc2hvcHBpbmdfY2VudGVyqgFcCg0vZy8xMXBkamM4azRrEAEqCiIGbmljZXNvKAAyHhABIhpylpqvqCNPb5IYnC4RcwLLIMc2t5EQQgMV3zIdEAIiGW5pY2VzbyBrb3RhIGpha2FydGEgcHVzYXTgAQA!16s%2Fg%2F11gy7d09sf?hl=en&entry=ttu&g_ep=EgoyMDI1MDYwMS4wIKXMDSoASAFQAw%3D%3D"
DKI JAKARTA,KOTA JAKARTA SELATAN,Cilandak,NICESO PONDOK LABU,Supermarket,-6.1636655,106.3227367,"Jl. Pd. Labu Raya No.6, RT.6/RW.1, Pd. Labu, Kec. Cilandak, Kota Jakarta Selatan, Daerah Khusus Ibukota Jakarta 12450","https://www.google.com/maps/place/NICESO+PONDOK+LABU/@-6.1636655,106.3227367,10z/data=!4m11!1m3!2m2!1sNICESO+KOTA+JAKARTA+SELATAN!6e6!3m6!1s0x2e69ef0b897d2877:0xefb51cc1ba25cd34!8m2!3d-6.3122074!4d106.793258!15sChtOSUNFU08gS09UQSBKQUtBUlRBIFNFTEFUQU6SAQtzdXBlcm1hcmtldKoBTxABKgoiBm5pY2VzbygAMh4QASIaMcPLuT2rKJlgnRaDRYpeIiJ09PdJpUMopUEyHxACIhtuaWNlc28ga290YSBqYWthcnRhIHNlbGF0YW7gAQA!16s%2Fg%2F11flbxh5cr?hl=en&entry=ttu&g_ep=EgoyMDI1MDYwMS4wIKXMDSoASAFQAw%3D%3D"
DKI JAKARTA,KOTA JAKARTA SELATAN,Jagakarsa,NICESO JAGAKARSA,Shopping mall,-6.1636655,106.3227367,"Jl. Raya Jagakarsa, RT.5/RW.1, Jagakarsa, Kec. Jagakarsa, Kota Jakarta Selatan, Daerah Khusus Ibukota Jakarta","https://www.google.com/maps/place/NICESO+JAGAKARSA/@-6.1636655,106.3227367,10z/data=!4m11!1m3!2m2!1sNICESO+KOTA+JAKARTA+SELATAN!6e6!3m6!1s0x2e69edcb7b567e11:0x98bdda5d9c1c1861!8m2!3d-6.3311363!4d106.8292164!15sChtOSUNFU08gS09UQSBKQUtBUlRBIFNFTEFUQU6SAQ9zaG9wcGluZ19jZW50ZXKqAU8QASoKIgZuaWNlc28oADIeEAEiGjHDy7k9qyiZYJ0Wg0WKXiIidPT3SaVDKKVBMh8QAiIbbmljZXNvIGtvdGEgamFrYXJ0YSBzZWxhdGFu4AEA!16s%2Fg%2F11v64nzmss?hl=en&entry=ttu&g_ep=EgoyMDI1MDYwMS4wIKXMDSoASAFQAw%3D%3D"
DKI JAKARTA,KOTA JAKARTA SELATAN,Unknown,NICESO KEBAGUSAN,Convenience store,-6.1636655,106.3227367,"10, RT.10/RW.7, Kebagusan, Ps. Minggu, Kota Jakarta Selatan, Daerah Khusus Ibukota Jakarta 12550","https://www.google.com/maps/place/NICESO+KEBAGUSAN/@-6.1636655,106.3227367,10z/data=!4m11!1m3!2m2!1sNICESO+KOTA+JAKARTA+SELATAN!6e6!3m6!1s0x2e69ed4e5238556b:0x1be8bb74b68eb6a8!8m2!3d-6.3158115!4d106.8252448!15sChtOSUNFU08gS09UQSBKQUtBUlRBIFNFTEFUQU6SARFjb252ZW5pZW5jZV9zdG9yZaoBTxABKgoiBm5pY2VzbygAMh4QASIaMcPLuT2rKJlgnRaDRYpeIiJ09PdJpUMopUEyHxACIhtuaWNlc28ga290YSBqYWthcnRhIHNlbGF0YW7gAQA!16s%2Fg%2F11rg_nh4q0?hl=en&entry=ttu&g_ep=EgoyMDI1MDYwMS4wIKXMDSoASAFQAw%3D%3D"
DKI JAKARTA,KOTA JAKARTA SELATAN,Kby Lama,NICESO PONDOK PINANG,Home improvement store,-6.1636655,106.3227367,"Jl. Ciputat Raya No.2B, RT.5/RW.2, Pd. Pinang, Kec. Kby. Lama, Kota Jakarta Selatan, Daerah Khusus Ibukota Jakarta 12310","https://www.google.com/maps/place/NICESO+PONDOK+PINANG/@-6.1636655,106.3227367,10z/data=!4m11!1m3!2m2!1sNICESO+KOTA+JAKARTA+SELATAN!6e6!3m6!1s0x2e69f104aeca8d81:0x20a905c8ebc6c2bc!8m2!3d-6.2662937!4d106.7751858!15sChtOSUNFU08gS09UQSBKQUtBUlRBIFNFTEFUQU6SARZob21lX2ltcHJvdmVtZW50X3N0b3JlqgFPEAEqCiIGbmljZXNvKAAyHhABIhoxw8u5PasomWCdFoNFil4iInT090mlQyilQTIfEAIiG25pY2VzbyBrb3RhIGpha2FydGEgc2VsYXRhbuABAA!16s%2Fg%2F11glxdw0jb?hl=en&entry=ttu&g_ep=EgoyMDI1MDYwMS4wIKXMDSoASAFQAw%3D%3D"
DKI JAKARTA,KOTA JAKARTA SELATAN,Unknown,NICESO CIRENDEU,Home goods store,-6.1636655,106.3227367,"Pisangan, Ciputat Timur, South Tangerang City, Banten 15419","https://www.google.com/maps/place/NICESO+CIRENDEU/@-6.1636655,106.3227367,10z/data=!4m11!1m3!2m2!1sNICESO+KOTA+JAKARTA+SELATAN!6e6!3m6!1s0x2e69ef2d1b959ba3:0xf979403d88d1e1e6!8m2!3d-6.3189661!4d106.7687528!15sChtOSUNFU08gS09UQSBKQUtBUlRBIFNFTEFUQU5aHSIbbmljZXNvIGtvdGEgamFrYXJ0YSBzZWxhdGFukgEQaG9tZV9nb29kc19zdG9yZaoBTxABKgoiBm5pY2VzbygAMh4QASIaMcPLuT2rKJlgnRaDRYpeIiJ09PdJpUMopUEyHxACIhtuaWNlc28ga290YSBqYWthcnRhIHNlbGF0YW7gAQA!16s%2Fg%2F11mv9_rycr?hl=en&entry=ttu&g_ep=EgoyMDI1MDYwMS4wIKXMDSoASAFQAw%3D%3D"
DKI JAKARTA,KOTA JAKARTA SELATAN,Kby Lama,NICESO KEBAYORAN LAMA,Convenience store,-6.1636655,106.3227367,"Jl. Raya Kby. Lama No.174, Cipulir, Kec. Kby. Lama, Kota Jakarta Selatan, Daerah Khusus Ibukota Jakarta 12230","https://www.google.com/maps/place/NICESO+KEBAYORAN+LAMA/@-6.1636655,106.3227367,10z/data=!4m11!1m3!2m2!1sNICESO+KOTA+JAKARTA+SELATAN!6e6!3m6!1s0x2e69f1cf048466a7:0x4f5543e2ecaa4298!8m2!3d-6.2360399!4d106.7803818!15sChtOSUNFU08gS09UQSBKQUtBUlRBIFNFTEFUQU6SARFjb252ZW5pZW5jZV9zdG9yZaoBTxABKgoiBm5pY2VzbygAMh4QASIaMcPLuT2rKJlgnRaDRYpeIiJ09PdJpUMopUEyHxACIhtuaWNlc28ga290YSBqYWthcnRhIHNlbGF0YW7gAQA!16s%2Fg%2F11lccz8nwk?hl=en&entry=ttu&g_ep=EgoyMDI1MDYwMS4wIKXMDSoASAFQAw%3D%3D"
DKI JAKARTA,KOTA JAKARTA SELATAN,Unknown,Nice So M. Kahfi 2,Store,-6.1636655,106.3227367,"Jl. Moh Jl. Moch Kahfi II No.9, RT.9/RW.8, Srengseng Sawah, Jagakarsa, South Jakarta City, Jakarta 12630","https://www.google.com/maps/place/Nice+So+M.+Kahfi+2/@-6.1636655,106.3227367,10z/data=!4m11!1m3!2m2!1sNICESO+KOTA+JAKARTA+SELATAN!6e6!3m6!1s0x2e69ed4b3667904f:0xc64601885a51d3c3!8m2!3d-6.3392947!4d106.8212275!15sChtOSUNFU08gS09UQSBKQUtBUlRBIFNFTEFUQU5aHSIbbmljZXNvIGtvdGEgamFrYXJ0YSBzZWxhdGFukgEFc3RvcmWqAU8QASoKIgZuaWNlc28oADIeEAEiGjHDy7k9qyiZYJ0Wg0WKXiIidPT3SaVDKKVBMh8QAiIbbmljZXNvIGtvdGEgamFrYXJ0YSBzZWxhdGFu4AEA!16s%2Fg%2F11lgt5fx0h?hl=en&entry=ttu&g_ep=EgoyMDI1MDYwMS4wIKXMDSoASAFQAw%3D%3D"
DKI JAKARTA,KOTA JAKARTA SELATAN,Kby Lama,NICESO CIDODOL,Souvenir store,-6.1636655,106.3227367,"Jl. Panjang Cidodol No.9-16 5, RT.6/RW.13, Grogol Sel., Kec. Kby. Lama, Kota Jakarta Selatan, Daerah Khusus Ibukota Jakarta 12220","https://www.google.com/maps/place/NICESO+CIDODOL/@-6.1636655,106.3227367,10z/data=!4m11!1m3!2m2!1sNICESO+KOTA+JAKARTA+SELATAN!6e6!3m6!1s0x2e69f1b8ec3f4837:0x37703982a717aa9d!8m2!3d-6.2299538!4d106.7719821!15sChtOSUNFU08gS09UQSBKQUtBUlRBIFNFTEFUQU6SAQ5zb3V2ZW5pcl9zdG9yZaoBTxABKgoiBm5pY2VzbygAMh4QASIaMcPLuT2rKJlgnRaDRYpeIiJ09PdJpUMopUEyHxACIhtuaWNlc28ga290YSBqYWthcnRhIHNlbGF0YW7gAQA!16s%2Fg%2F11fjmhhw1r?hl=en&entry=ttu&g_ep=EgoyMDI1MDYwMS4wIKXMDSoASAFQAw%3D%3D"
DKI JAKARTA,KOTA JAKARTA SELATAN,Mampang Prpt,NICESO BANGKA RAYA,Supermarket,-6.1636655,106.3227367,"Jl. Bangka Raya No.27AB, RT.2/RW.2, Pela Mampang, Kec. Mampang Prpt., Kota Jakarta Selatan, Daerah Khusus Ibukota Jakarta 12720","https://www.google.com/maps/place/NICESO+BANGKA+RAYA/@-6.1636655,106.3227367,10z/data=!4m11!1m3!2m2!1sNICESO+KOTA+JAKARTA+SELATAN!6e6!3m6!1s0x2e69f35b1cc6b3d7:0x29e8708d4a2ecc5c!8m2!3d-6.2443184!4d106.816119!15sChtOSUNFU08gS09UQSBKQUtBUlRBIFNFTEFUQU6SAQtzdXBlcm1hcmtldKoBTxABKgoiBm5pY2VzbygAMh4QASIaMcPLuT2rKJlgnRaDRYpeIiJ09PdJpUMopUEyHxACIhtuaWNlc28ga290YSBqYWthcnRhIHNlbGF0YW7gAQA!16s%2Fg%2F11gx_yf0tr?hl=en&entry=ttu&g_ep=EgoyMDI1MDYwMS4wIKXMDSoASAFQAw%3D%3D"
DKI JAKARTA,KOTA JAKARTA SELATAN,Ciputat Tim,NICESO REMPOA,Convenience store,-6.1636655,106.3227367,"Jl. Pahlawan, Cemp. Putih, Kec. Ciputat Tim., Kota Tangerang Selatan, Banten 15412","https://www.google.com/maps/place/NICESO+REMPOA/@-6.1636655,106.3227367,10z/data=!4m11!1m3!2m2!1sNICESO+KOTA+JAKARTA+SELATAN!6e6!3m6!1s0x2e69f1b5a1b1fee9:0x9b242aee4d04b785!8m2!3d-6.3003941!4d106.7619043!15sChtOSUNFU08gS09UQSBKQUtBUlRBIFNFTEFUQU6SARFjb252ZW5pZW5jZV9zdG9yZaoBTxABKgoiBm5pY2VzbygAMh4QASIaMcPLuT2rKJlgnRaDRYpeIiJ09PdJpUMopUEyHxACIhtuaWNlc28ga290YSBqYWthcnRhIHNlbGF0YW7gAQA!16s%2Fg%2F11rqq7_m7_?hl=en&entry=ttu&g_ep=EgoyMDI1MDYwMS4wIKXMDSoASAFQAw%3D%3D"
DKI JAKARTA,KOTA JAKARTA SELATAN,Pesanggrahan,NICESO KODAM PESANGGRAHAN,Stationery store,-6.1636655,106.3227367,"Jl. Garuda No.6, RT.6/RW.6, Petukangan Utara, Kec. Pesanggrahan, Kota Jakarta Selatan, Daerah Khusus Ibukota Jakarta 12250","https://www.google.com/maps/place/NICESO+KODAM+PESANGGRAHAN/@-6.1636655,106.3227367,10z/data=!4m11!1m3!2m2!1sNICESO+KOTA+JAKARTA+SELATAN!6e6!3m6!1s0x2e69f0f0490ed59d:0x94722b5306cffdb6!8m2!3d-6.2517264!4d106.7564392!15sChtOSUNFU08gS09UQSBKQUtBUlRBIFNFTEFUQU6SARBzdGF0aW9uZXJ5X3N0b3JlqgFPEAEqCiIGbmljZXNvKAAyHhABIhoxw8u5PasomWCdFoNFil4iInT090mlQyilQTIfEAIiG25pY2VzbyBrb3RhIGpha2FydGEgc2VsYXRhbuABAA!16s%2Fg%2F11hm3xk96b?hl=en&entry=ttu&g_ep=EgoyMDI1MDYwMS4wIKXMDSoASAFQAw%3D%3D"
DKI JAKARTA,KOTA JAKARTA SELATAN,Pesanggrahan,NICESO PETUKANGAN,Convenience store,-6.1636655,106.3227367,"Jl. Sabar Raya No.15, RT.8/RW.3, Petukangan Sel., Kec. Pesanggrahan, Kota Jakarta Selatan, Daerah Khusus Ibukota Jakarta 12270","https://www.google.com/maps/place/NICESO+PETUKANGAN/@-6.1636655,106.3227367,10z/data=!4m11!1m3!2m2!1sNICESO+KOTA+JAKARTA+SELATAN!6e6!3m6!1s0x2e69f10052fc9c9f:0xc59addb3fc8c0bb1!8m2!3d-6.2401759!4d106.7526474!15sChtOSUNFU08gS09UQSBKQUtBUlRBIFNFTEFUQU6SARFjb252ZW5pZW5jZV9zdG9yZaoBTxABKgoiBm5pY2VzbygAMh4QASIaMcPLuT2rKJlgnRaDRYpeIiJ09PdJpUMopUEyHxACIhtuaWNlc28ga290YSBqYWthcnRhIHNlbGF0YW7gAQA!16s%2Fg%2F11y6jd4hz9?hl=en&entry=ttu&g_ep=EgoyMDI1MDYwMS4wIKXMDSoASAFQAw%3D%3D"
DKI JAKARTA,KOTA JAKARTA SELATAN,Cinere,NICESO CINERE,Convenience store,-6.1636655,106.3227367,"MQ5V+V8C, Jl. Raya Gandul, Gandul, Kec. Cinere, Kota Depok, Jawa Barat","https://www.google.com/maps/place/NICESO+CINERE/@-6.1636655,106.3227367,10z/data=!4m11!1m3!2m2!1sNICESO+KOTA+JAKARTA+SELATAN!6e6!3m6!1s0x2e69ef006929df4f:0x6b28eb6a9e649695!8m2!3d-6.3403437!4d106.7932597!15sChtOSUNFU08gS09UQSBKQUtBUlRBIFNFTEFUQU6SARFjb252ZW5pZW5jZV9zdG9yZaoBTxABKgoiBm5pY2VzbygAMh4QASIaMcPLuT2rKJlgnRaDRYpeIiJ09PdJpUMopUEyHxACIhtuaWNlc28ga290YSBqYWthcnRhIHNlbGF0YW7gAQA!16s%2Fg%2F11vy7p1_9x?hl=en&entry=ttu&g_ep=EgoyMDI1MDYwMS4wIKXMDSoASAFQAw%3D%3D"
DKI JAKARTA,KOTA JAKARTA SELATAN,Ciputat Tim,NICESO PONDOK RANJI,Convenience store,-6.1636655,106.3227367,"Jl. W R Supratman, Rengas, Kec. Ciputat Tim., Kota Tangerang Selatan, Banten 15412","https://www.google.com/maps/place/NICESO+PONDOK+RANJI/@-6.1636655,106.3227367,10z/data=!4m11!1m3!2m2!1sNICESO+KOTA+JAKARTA+SELATAN!6e6!3m6!1s0x2e69f1ca32293775:0x32e6977c3d8f2104!8m2!3d-6.2807752!4d106.7465668!15sChtOSUNFU08gS09UQSBKQUtBUlRBIFNFTEFUQU6SARFjb252ZW5pZW5jZV9zdG9yZaoBTxABKgoiBm5pY2VzbygAMh4QASIaMcPLuT2rKJlgnRaDRYpeIiJ09PdJpUMopUEyHxACIhtuaWNlc28ga290YSBqYWthcnRhIHNlbGF0YW7gAQA!16s%2Fg%2F11fs7thbxq?hl=en&entry=ttu&g_ep=EgoyMDI1MDYwMS4wIKXMDSoASAFQAw%3D%3D"
DKI JAKARTA,KOTA JAKARTA SELATAN,Beji,NiceSo Kukusan,Shopping mall,-6.1636655,106.3227367,"Jl. K.H.M. Usman No.189, Kukusan, Kecamatan Beji, Kota Depok, Jawa Barat 16425","https://www.google.com/maps/place/NiceSo+Kukusan/@-6.1636655,106.3227367,10z/data=!4m11!1m3!2m2!1sNICESO+KOTA+JAKARTA+SELATAN!6e6!3m6!1s0x2e69efc394be57e1:0x96a4d80c7c639d13!8m2!3d-6.3733833!4d106.8132559!15sChtOSUNFU08gS09UQSBKQUtBUlRBIFNFTEFUQU6SAQ9zaG9wcGluZ19jZW50ZXKqAU8QASoKIgZuaWNlc28oADIeEAEiGjHDy7k9qyiZYJ0Wg0WKXiIidPT3SaVDKKVBMh8QAiIbbmljZXNvIGtvdGEgamFrYXJ0YSBzZWxhdGFu4AEA!16s%2Fg%2F11qg3cdbnj?hl=en&entry=ttu&g_ep=EgoyMDI1MDYwMS4wIKXMDSoASAFQAw%3D%3D"
DKI JAKARTA,KOTA JAKARTA SELATAN,Pd Aren,NICE SO CEGER,Home goods store,-6.1636655,106.3227367,"Bintaro Jl. Ceger Raya No.16, Pd. Karya, Kec. Pd. Aren, Kota Tangerang Selatan, Banten 15225","https://www.google.com/maps/place/NICE+SO+CEGER/@-6.1636655,106.3227367,10z/data=!4m11!1m3!2m2!1sNICESO+KOTA+JAKARTA+SELATAN!6e6!3m6!1s0x2e69f16236738d91:0xcb5dd39c474ca886!8m2!3d-6.2596542!4d106.7416778!15sChtOSUNFU08gS09UQSBKQUtBUlRBIFNFTEFUQU6SARBob21lX2dvb2RzX3N0b3JlqgFPEAEqCiIGbmljZXNvKAAyHhABIhoxw8u5PasomWCdFoNFil4iInT090mlQyilQTIfEAIiG25pY2VzbyBrb3RhIGpha2FydGEgc2VsYXRhbuABAA!16s%2Fg%2F11gmfdvc38?hl=en&entry=ttu&g_ep=EgoyMDI1MDYwMS4wIKXMDSoASAFQAw%3D%3D"
DKI JAKARTA,KOTA JAKARTA SELATAN,Ps Rebo,NICESO STORE,Home goods store,-6.1636655,106.3227367,"Jl. H. Hasan No.27 2, RT.4/RW.1, Baru, Kec. Ps. Rebo, Kota Jakarta Timur, Daerah Khusus Ibukota Jakarta 13780","https://www.google.com/maps/place/NICESO+STORE/@-6.1636655,106.3227367,10z/data=!4m11!1m3!2m2!1sNICESO+KOTA+JAKARTA+SELATAN!6e6!3m6!1s0x2e69eda79b551555:0x7924c6138d1a5ad7!8m2!3d-6.328194!4d106.8508816!15sChtOSUNFU08gS09UQSBKQUtBUlRBIFNFTEFUQU6SARBob21lX2dvb2RzX3N0b3JlqgFPEAEqCiIGbmljZXNvKAAyHhABIhoxw8u5PasomWCdFoNFil4iInT090mlQyilQTIfEAIiG25pY2VzbyBrb3RhIGpha2FydGEgc2VsYXRhbuABAA!16s%2Fg%2F11g4gl0l8n?hl=en&entry=ttu&g_ep=EgoyMDI1MDYwMS4wIKXMDSoASAFQAw%3D%3D"
DKI JAKARTA,KOTA JAKARTA SELATAN,Unknown,NICESO PONDOK LABU,Grocery store,-2.44565,117.2790588,0821-2393-7497,"https://www.google.com/maps/place/NICESO+PONDOK+LABU/@-2.44565,117.2790588,10z/data=!4m11!1m3!2m2!1sNICESO+KOTA+JAKARTA+SELATAN!6e6!3m6!1s0x6b0cd7c49a8eedf7:0xf42011dd3285a18!8m2!3d-2.44565!4d117.8888!15sChtOSUNFU08gS09UQSBKQUtBUlRBIFNFTEFUQU6SAQ1ncm9jZXJ5X3N0b3JlqgFPEAEqCiIGbmljZXNvKAAyHhABIhoxw8u5PasomWCdFoNFil4iInT090mlQyilQTIfEAIiG25pY2VzbyBrb3RhIGpha2FydGEgc2VsYXRhbuABAA!16s%2Fg%2F11wft62hxf?hl=en&entry=ttu&g_ep=EgoyMDI1MDYwMS4wIKXMDSoASAFQAw%3D%3D"
DKI JAKARTA,KOTA JAKARTA SELATAN,Pd Aren,NICESO BINTARO,Home goods store,-6.2809229,106.1015916,"Jl. Bintaro Utama 9 Blok Ja 1 No.10, Pd. Pucung, Kec. Pd. Aren, Kota Tangerang Selatan, Banten 15229","https://www.google.com/maps/place/NICESO+BINTARO/@-6.2809229,106.1015916,10z/data=!4m11!1m3!2m2!1sNICESO+KOTA+JAKARTA+SELATAN!6e6!3m6!1s0x2e69fbf99a8f7e3b:0xa97222236cb7f2fa!8m2!3d-6.2809229!4d106.7113328!15sChtOSUNFU08gS09UQSBKQUtBUlRBIFNFTEFUQU6SARBob21lX2dvb2RzX3N0b3JlqgFPEAEqCiIGbmljZXNvKAAyHhABIhoxw8u5PasomWCdFoNFil4iInT090mlQyilQTIfEAIiG25pY2VzbyBrb3RhIGpha2FydGEgc2VsYXRhbuABAA!16s%2Fg%2F11rw_p5jyg?hl=en&entry=ttu&g_ep=EgoyMDI1MDYwMS4wIKXMDSoASAFQAw%3D%3D"
DKI JAKARTA,KOTA JAKARTA SELATAN,Kramat jati,NICESO CONDET,Shopping mall,-6.2809229,106.1015916,"Jl. Raya Condet No.80, RT.5/RW.3, Batu Ampar, Kec. Kramat jati, Kota Jakarta Timur, Daerah Khusus Ibukota Jakarta 13530","https://www.google.com/maps/place/NICESO+CONDET/@-6.2809229,106.1015916,10z/data=!4m11!1m3!2m2!1sNICESO+KOTA+JAKARTA+SELATAN!6e6!3m6!1s0x2e69f332c6ac48f7:0xf64db532a8022819!8m2!3d-6.279835!4d106.8552184!15sChtOSUNFU08gS09UQSBKQUtBUlRBIFNFTEFUQU6SAQ9zaG9wcGluZ19jZW50ZXKqAU8QASoKIgZuaWNlc28oADIeEAEiGjHDy7k9qyiZYJ0Wg0WKXiIidPT3SaVDKKVBMh8QAiIbbmljZXNvIGtvdGEgamFrYXJ0YSBzZWxhdGFu4AEA!16s%2Fg%2F11t572l64v?hl=en&entry=ttu&g_ep=EgoyMDI1MDYwMS4wIKXMDSoASAFQAw%3D%3D"
DKI JAKARTA,KOTA JAKARTA TIMUR,Ps Rebo,NICESO STORE,Home goods store,-6.2785808,106.7734455,"Jl. H. Hasan No.27 2, RT.4/RW.1, Baru, Kec. Ps. Rebo, Kota Jakarta Timur, Daerah Khusus Ibukota Jakarta 13780","https://www.google.com/maps/place/NICESO+STORE/@-6.2785808,106.7734455,12z/data=!4m10!1m2!2m1!1sNICESO+KOTA+JAKARTA+TIMUR!3m6!1s0x2e69eda79b551555:0x7924c6138d1a5ad7!8m2!3d-6.328194!4d106.8508816!15sChlOSUNFU08gS09UQSBKQUtBUlRBIFRJTVVSkgEQaG9tZV9nb29kc19zdG9yZaoBThABKgoiBm5pY2VzbygAMh8QASIbJdvVMFmxgXZYincmQMIDl7AcW1M8q78TPxExMh0QAiIZbmljZXNvIGtvdGEgamFrYXJ0YSB0aW11cuABAA!16s%2Fg%2F11g4gl0l8n?hl=en&entry=ttu&g_ep=EgoyMDI1MDYwMS4wIKXMDSoASAFQAw%3D%3D"
DKI JAKARTA,KOTA JAKARTA TIMUR,Cakung,NICESO CAKUNG,Store,-6.2785808,106.7734455,"Jl. Raya Bekasi No.7, RT.7/RW.11, Jatinegara, Kec. Cakung, Kota Jakarta Timur, Daerah Khusus Ibukota Jakarta 13930","https://www.google.com/maps/place/NICESO+CAKUNG/@-6.2785808,106.7734455,12z/data=!4m10!1m2!2m1!1sNICESO+KOTA+JAKARTA+TIMUR!3m6!1s0x2e69f5f016d7699b:0xc95c437bd20c037!8m2!3d-6.194763!4d106.9057463!15sChlOSUNFU08gS09UQSBKQUtBUlRBIFRJTVVSkgEFc3RvcmWqAU4QASoKIgZuaWNlc28oADIfEAEiGyXb1TBZsYF2WIp3JkDCA5ewHFtTPKu_Ez8RMTIdEAIiGW5pY2VzbyBrb3RhIGpha2FydGEgdGltdXLgAQA!16s%2Fg%2F11t257_nyn?hl=en&entry=ttu&g_ep=EgoyMDI1MDYwMS4wIKXMDSoASAFQAw%3D%3D"
DKI JAKARTA,KOTA JAKARTA TIMUR,Ciracas,NICESO CIRACAS KEONG,Home goods store,-6.2785808,106.7734455,"Jl. Raya Ciracas No.19 1, RT.1/RW.8, Ciracas, Kec. Ciracas, Kota Jakarta Timur, Daerah Khusus Ibukota Jakarta 13750","https://www.google.com/maps/place/NICESO+CIRACAS+KEONG/@-6.2785808,106.7734455,12z/data=!4m10!1m2!2m1!1sNICESO+KOTA+JAKARTA+TIMUR!3m6!1s0x2e69ed5805c60299:0x5ca8726210d08963!8m2!3d-6.3303956!4d106.8675677!15sChlOSUNFU08gS09UQSBKQUtBUlRBIFRJTVVSkgEQaG9tZV9nb29kc19zdG9yZaoBThABKgoiBm5pY2VzbygAMh8QASIbJdvVMFmxgXZYincmQMIDl7AcW1M8q78TPxExMh0QAiIZbmljZXNvIGtvdGEgamFrYXJ0YSB0aW11cuABAA!16s%2Fg%2F11h_g06wpr?hl=en&entry=ttu&g_ep=EgoyMDI1MDYwMS4wIKXMDSoASAFQAw%3D%3D"
DKI JAKARTA,KOTA JAKARTA TIMUR,Kramat jati,NICESO CONDET,Shopping mall,-6.2785808,106.7734455,"Jl. Raya Condet No.80, RT.5/RW.3, Batu Ampar, Kec. Kramat jati, Kota Jakarta Timur, Daerah Khusus Ibukota Jakarta 13530","https://www.google.com/maps/place/NICESO+CONDET/@-6.2785808,106.7734455,12z/data=!4m10!1m2!2m1!1sNICESO+KOTA+JAKARTA+TIMUR!3m6!1s0x2e69f332c6ac48f7:0xf64db532a8022819!8m2!3d-6.279835!4d106.8552184!15sChlOSUNFU08gS09UQSBKQUtBUlRBIFRJTVVSkgEPc2hvcHBpbmdfY2VudGVyqgFOEAEqCiIGbmljZXNvKAAyHxABIhsl29UwWbGBdliKdyZAwgOXsBxbUzyrvxM_ETEyHRACIhluaWNlc28ga290YSBqYWthcnRhIHRpbXVy4AEA!16s%2Fg%2F11t572l64v?hl=en&entry=ttu&g_ep=EgoyMDI1MDYwMS4wIKXMDSoASAFQAw%3D%3D"
DKI JAKARTA,KOTA JAKARTA TIMUR,Cakung,Niceso Pulojahe,Home goods store,-6.2785808,106.7734455,"Jl. Dr. KRT Radjiman Widyodiningrat No.3-74, RT.3/RW.14, Jatinegara, Kec. Cakung, Kota Jakarta Timur, Daerah Khusus Ibukota Jakarta 13930","https://www.google.com/maps/place/Niceso+Pulojahe/@-6.2785808,106.7734455,12z/data=!4m10!1m2!2m1!1sNICESO+KOTA+JAKARTA+TIMUR!3m6!1s0x2e698b15ad2645bf:0x50175c01b6571ce7!8m2!3d-6.199112!4d106.9220102!15sChlOSUNFU08gS09UQSBKQUtBUlRBIFRJTVVSkgEQaG9tZV9nb29kc19zdG9yZaoBThABKgoiBm5pY2VzbygAMh8QASIbJdvVMFmxgXZYincmQMIDl7AcW1M8q78TPxExMh0QAiIZbmljZXNvIGtvdGEgamFrYXJ0YSB0aW11cuABAA!16s%2Fg%2F11hz13bgfy?hl=en&entry=ttu&g_ep=EgoyMDI1MDYwMS4wIKXMDSoASAFQAw%3D%3D"
DKI JAKARTA,KOTA JAKARTA TIMUR,Kramat jati,Nice so Batu ampar,Convenience store,-6.2785808,106.7734455,"17, RW.2, Batu Ampar, Kec. Kramat jati, Kota Jakarta Timur, Daerah Khusus Ibukota Jakarta","https://www.google.com/maps/place/Nice+so+Batu+ampar/@-6.2785808,106.7734455,12z/data=!4m10!1m2!2m1!1sNICESO+KOTA+JAKARTA+TIMUR!3m6!1s0x2e69f37425018631:0xec429addb5706e6d!8m2!3d-6.2726808!4d106.8631338!15sChlOSUNFU08gS09UQSBKQUtBUlRBIFRJTVVSkgERY29udmVuaWVuY2Vfc3RvcmWqAU4QASoKIgZuaWNlc28oADIfEAEiGyXb1TBZsYF2WIp3JkDCA5ewHFtTPKu_Ez8RMTIdEAIiGW5pY2VzbyBrb3RhIGpha2FydGEgdGltdXLgAQA!16s%2Fg%2F11rjjxdwv5?hl=en&entry=ttu&g_ep=EgoyMDI1MDYwMS4wIKXMDSoASAFQAw%3D%3D"
DKI JAKARTA,KOTA JAKARTA TIMUR,Ciracas,Niceso Cibubur,Shopping mall,-6.2785808,106.7734455,"No.52RT, Daerah Khusu IbuJl, Jl. Lap. Tembak No.3, RW.2, Cibubur, Kec. Ciracas, Kota Jakarta Timur, Daerah Khusus Ibukota Jakarta 13720","https://www.google.com/maps/place/Niceso+Cibubur/@-6.2785808,106.7734455,12z/data=!4m10!1m2!2m1!1sNICESO+KOTA+JAKARTA+TIMUR!3m6!1s0x2e69ed398c6b64b5:0x9408b44102fd29ed!8m2!3d-6.3483545!4d106.8762407!15sChlOSUNFU08gS09UQSBKQUtBUlRBIFRJTVVSkgEPc2hvcHBpbmdfY2VudGVyqgFOEAEqCiIGbmljZXNvKAAyHxABIhsl29UwWbGBdliKdyZAwgOXsBxbUzyrvxM_ETEyHRACIhluaWNlc28ga290YSBqYWthcnRhIHRpbXVy4AEA!16s%2Fg%2F11t522m98w?hl=en&entry=ttu&g_ep=EgoyMDI1MDYwMS4wIKXMDSoASAFQAw%3D%3D"
DKI JAKARTA,KOTA JAKARTA TIMUR,Ciracas,NICESO SUSUKAN CIRACAS,Convenience store,-6.2785808,106.7734455,"Jl. Suci No.85 B 11, RT.1/RW.3, Susukan, Kec. Ciracas, Kota Jakarta Timur, Daerah Khusus Ibukota Jakarta 13750","https://www.google.com/maps/place/NICESO+SUSUKAN+CIRACAS/@-6.2785808,106.7734455,12z/data=!4m10!1m2!2m1!1sNICESO+KOTA+JAKARTA+TIMUR!3m6!1s0x2e69ed005a635fb7:0x4475378dced52e5f!8m2!3d-6.3087213!4d106.8747438!15sChlOSUNFU08gS09UQSBKQUtBUlRBIFRJTVVSkgERY29udmVuaWVuY2Vfc3RvcmWqAU4QASoKIgZuaWNlc28oADIfEAEiGyXb1TBZsYF2WIp3JkDCA5ewHFtTPKu_Ez8RMTIdEAIiGW5pY2VzbyBrb3RhIGpha2FydGEgdGltdXLgAQA!16s%2Fg%2F11y2k8j6jx?hl=en&entry=ttu&g_ep=EgoyMDI1MDYwMS4wIKXMDSoASAFQAw%3D%3D"
DKI JAKARTA,KOTA JAKARTA TIMUR,Matraman,NICESO KAYU MANIS,Shopping mall,-6.2785808,106.7734455,"Jl. Kayu Manis Timur No.4, Utan Kayu Utara, Kec. Matraman, Kota Jakarta Timur, Daerah Khusus Ibukota Jakarta 13130","https://www.google.com/maps/place/NICESO+KAYU+MANIS/@-6.2785808,106.7734455,12z/data=!4m10!1m2!2m1!1sNICESO+KOTA+JAKARTA+TIMUR!3m6!1s0x2e69f5ade92b2c59:0xa3823cd7c3008a56!8m2!3d-6.1977284!4d106.8619411!15sChlOSUNFU08gS09UQSBKQUtBUlRBIFRJTVVSkgEPc2hvcHBpbmdfY2VudGVyqgFOEAEqCiIGbmljZXNvKAAyHxABIhsl29UwWbGBdliKdyZAwgOXsBxbUzyrvxM_ETEyHRACIhluaWNlc28ga290YSBqYWthcnRhIHRpbXVy4AEA!16s%2Fg%2F11gy7d09sf?hl=en&entry=ttu&g_ep=EgoyMDI1MDYwMS4wIKXMDSoASAFQAw%3D%3D"
DKI JAKARTA,KOTA JAKARTA TIMUR,Unknown,NICESO KEBAGUSAN,Convenience store,-6.3158115,106.6728095,"10, RT.10/RW.7, Kebagusan, Ps. Minggu, Kota Jakarta Selatan, Daerah Khusus Ibukota Jakarta 12550","https://www.google.com/maps/place/NICESO+KEBAGUSAN/@-6.3158115,106.6728095,12z/data=!4m10!1m2!2m1!1sNICESO+KOTA+JAKARTA+TIMUR!3m6!1s0x2e69ed4e5238556b:0x1be8bb74b68eb6a8!8m2!3d-6.3158115!4d106.8252448!15sChlOSUNFU08gS09UQSBKQUtBUlRBIFRJTVVSkgERY29udmVuaWVuY2Vfc3RvcmWqAU4QASoKIgZuaWNlc28oADIfEAEiGyXb1TBZsYF2WIp3JkDCA5ewHFtTPKu_Ez8RMTIdEAIiGW5pY2VzbyBrb3RhIGpha2FydGEgdGltdXLgAQA!16s%2Fg%2F11rg_nh4q0?hl=en&entry=ttu&g_ep=EgoyMDI1MDYwMS4wIKXMDSoASAFQAw%3D%3D"
DKI JAKARTA,KOTA JAKARTA TIMUR,Duren Sawit,NICESO Pondok Kopi,Convenience store,-6.3158115,106.6728095,"Jl. Pd. Kopi Ujung No.Kel 003, RT.2/RW.3, Pd. Kopi, Kec. Duren Sawit, Kota Jakarta Timur, Daerah Khusus Ibukota Jakarta 13460","https://www.google.com/maps/place/NICESO+Pondok+Kopi/@-6.3158115,106.6728095,12z/data=!4m10!1m2!2m1!1sNICESO+KOTA+JAKARTA+TIMUR!3m6!1s0x2e698d3b9389eae1:0x6c5ba60592eabb83!8m2!3d-6.2316137!4d106.9429421!15sChlOSUNFU08gS09UQSBKQUtBUlRBIFRJTVVSkgERY29udmVuaWVuY2Vfc3RvcmWqAU4QASoKIgZuaWNlc28oADIfEAEiGyXb1TBZsYF2WIp3JkDCA5ewHFtTPKu_Ez8RMTIdEAIiGW5pY2VzbyBrb3RhIGpha2FydGEgdGltdXLgAQA!16s%2Fg%2F11trtz762l?hl=en&entry=ttu&g_ep=EgoyMDI1MDYwMS4wIKXMDSoASAFQAw%3D%3D"
DKI JAKARTA,KOTA JAKARTA TIMUR,Cipayung,NICESO CIPAYUNG,Convenience store,-6.2316137,106.7905068,"MV8V+R86, Jl. Cipayung Raya, RT.10/RW.1, Cipayung, Kec. Cipayung, Kota Jakarta Timur, Daerah Khusus Ibukota Jakarta","https://www.google.com/maps/place/NICESO+CIPAYUNG/@-6.2316137,106.7905068,12z/data=!4m10!1m2!2m1!1sNICESO+KOTA+JAKARTA+TIMUR!3m6!1s0x2e69ed007b8ca577:0xd2fc2ddfdf5cb26f!8m2!3d-6.3329663!4d106.8932942!15sChlOSUNFU08gS09UQSBKQUtBUlRBIFRJTVVSkgERY29udmVuaWVuY2Vfc3RvcmWqAU4QASoKIgZuaWNlc28oADIfEAEiGyXb1TBZsYF2WIp3JkDCA5ewHFtTPKu_Ez8RMTIdEAIiGW5pY2VzbyBrb3RhIGpha2FydGEgdGltdXLgAQA!16s%2Fg%2F11vjzsck31?hl=en&entry=ttu&g_ep=EgoyMDI1MDYwMS4wIKXMDSoASAFQAw%3D%3D"
DKI JAKARTA,KOTA JAKARTA TIMUR,Matraman,NICESO MATRAMAN,Convenience store,-6.2316137,106.7905068,"Jl. Kayu Manis III, RT.16/RW.2, Kayu Manis, Kec. Matraman, Kota Jakarta Timur, Daerah Khusus Ibukota Jakarta","https://www.google.com/maps/place/NICESO+MATRAMAN/@-6.2316137,106.7905068,12z/data=!4m10!1m2!2m1!1sNICESO+KOTA+JAKARTA+TIMUR!3m6!1s0x2e69f50063ad41cd:0x24139b2a448bc00c!8m2!3d-6.1979946!4d106.8620429!15sChlOSUNFU08gS09UQSBKQUtBUlRBIFRJTVVSkgERY29udmVuaWVuY2Vfc3RvcmWqAU4QASoKIgZuaWNlc28oADIfEAEiGyXb1TBZsYF2WIp3JkDCA5ewHFtTPKu_Ez8RMTIdEAIiGW5pY2VzbyBrb3RhIGpha2FydGEgdGltdXLgAQA!16s%2Fg%2F11lyzyt901?hl=en&entry=ttu&g_ep=EgoyMDI1MDYwMS4wIKXMDSoASAFQAw%3D%3D"
DKI JAKARTA,KOTA JAKARTA TIMUR,Duren Sawit,NICESO KLENDER,Convenience store,-6.2316137,106.7905068,"Jl. Pahlawan Revolusi No.RT.11 No.1-11, RT.9/RW.4, Klender, Kec. Duren Sawit, Kota Jakarta Timur, Daerah Khusus Ibukota Jakarta 13470","https://www.google.com/maps/place/NICESO+KLENDER/@-6.2316137,106.7905068,12z/data=!4m10!1m2!2m1!1sNICESO+KOTA+JAKARTA+TIMUR!3m6!1s0x2e69f30006af0a6f:0x79b18db75ae8de04!8m2!3d-6.2182868!4d106.8997121!15sChlOSUNFU08gS09UQSBKQUtBUlRBIFRJTVVSkgERY29udmVuaWVuY2Vfc3RvcmWqAU4QASoKIgZuaWNlc28oADIfEAEiGyXb1TBZsYF2WIp3JkDCA5ewHFtTPKu_Ez8RMTIdEAIiGW5pY2VzbyBrb3RhIGpha2FydGEgdGltdXLgAQA!16s%2Fg%2F11w3hs82t9?hl=en&entry=ttu&g_ep=EgoyMDI1MDYwMS4wIKXMDSoASAFQAw%3D%3D"
DKI JAKARTA,KOTA JAKARTA TIMUR,Jagakarsa,NICESO JAGAKARSA,Shopping mall,-6.3311363,106.6767811,"Jl. Raya Jagakarsa, RT.5/RW.1, Jagakarsa, Kec. Jagakarsa, Kota Jakarta Selatan, Daerah Khusus Ibukota Jakarta","https://www.google.com/maps/place/NICESO+JAGAKARSA/@-6.3311363,106.6767811,12z/data=!4m10!1m2!2m1!1sNICESO+KOTA+JAKARTA+TIMUR!3m6!1s0x2e69edcb7b567e11:0x98bdda5d9c1c1861!8m2!3d-6.3311363!4d106.8292164!15sChlOSUNFU08gS09UQSBKQUtBUlRBIFRJTVVSkgEPc2hvcHBpbmdfY2VudGVyqgFOEAEqCiIGbmljZXNvKAAyHxABIhsl29UwWbGBdliKdyZAwgOXsBxbUzyrvxM_ETEyHRACIhluaWNlc28ga290YSBqYWthcnRhIHRpbXVy4AEA!16s%2Fg%2F11v64nzmss?hl=en&entry=ttu&g_ep=EgoyMDI1MDYwMS4wIKXMDSoASAFQAw%3D%3D"
DKI JAKARTA,KOTA JAKARTA TIMUR,Unknown,NICESO CIRENDEU,Home goods store,-6.3311363,106.6767811,"Pisangan, Ciputat Timur, South Tangerang City, Banten 15419","https://www.google.com/maps/place/NICESO+CIRENDEU/@-6.3311363,106.6767811,12z/data=!4m10!1m2!2m1!1sNICESO+KOTA+JAKARTA+TIMUR!3m6!1s0x2e69ef2d1b959ba3:0xf979403d88d1e1e6!8m2!3d-6.3189661!4d106.7687528!15sChlOSUNFU08gS09UQSBKQUtBUlRBIFRJTVVSWhsiGW5pY2VzbyBrb3RhIGpha2FydGEgdGltdXKSARBob21lX2dvb2RzX3N0b3JlqgFOEAEqCiIGbmljZXNvKAAyHxABIhsl29UwWbGBdliKdyZAwgOXsBxbUzyrvxM_ETEyHRACIhluaWNlc28ga290YSBqYWthcnRhIHRpbXVy4AEA!16s%2Fg%2F11mv9_rycr?hl=en&entry=ttu&g_ep=EgoyMDI1MDYwMS4wIKXMDSoASAFQAw%3D%3D"
DKI JAKARTA,KOTA JAKARTA TIMUR,Cimanggis,Niceso kelapa dua cimanggis,Store,-6.3311363,106.6767811,"Jl. Rtm No.11, Tugu, Kec. Cimanggis, Kota Depok, Jawa Barat 16451","https://www.google.com/maps/place/Niceso+kelapa+dua+cimanggis/@-6.3311363,106.6767811,12z/data=!4m10!1m2!2m1!1sNICESO+KOTA+JAKARTA+TIMUR!3m6!1s0x2e69ed1c3433211d:0xe648fae8487d8937!8m2!3d-6.3624114!4d106.8431102!15sChlOSUNFU08gS09UQSBKQUtBUlRBIFRJTVVSkgEFc3RvcmWqAU4QASoKIgZuaWNlc28oADIfEAEiGyXb1TBZsYF2WIp3JkDCA5ewHFtTPKu_Ez8RMTIdEAIiGW5pY2VzbyBrb3RhIGpha2FydGEgdGltdXLgAQA!16s%2Fg%2F11p11gv8bw?hl=en&entry=ttu&g_ep=EgoyMDI1MDYwMS4wIKXMDSoASAFQAw%3D%3D"
DKI JAKARTA,KOTA JAKARTA TIMUR,Cakung,NICESO PENGGILINGAN,Convenience store,-6.3311363,106.6767811,"Jl. Raya Penggilingan No.24, RT.12/RW.11, Penggilingan, Kec. Cakung, Kota Jakarta Timur, Daerah Khusus Ibukota Jakarta 13940","https://www.google.com/maps/place/NICESO+PENGGILINGAN/@-6.3311363,106.6767811,12z/data=!4m10!1m2!2m1!1sNICESO+KOTA+JAKARTA+TIMUR!3m6!1s0x2e698b005f1cd6c3:0x2217657e50f155a0!8m2!3d-6.2118608!4d106.9394565!15sChlOSUNFU08gS09UQSBKQUtBUlRBIFRJTVVSkgERY29udmVuaWVuY2Vfc3RvcmWqAU4QASoKIgZuaWNlc28oADIfEAEiGyXb1TBZsYF2WIp3JkDCA5ewHFtTPKu_Ez8RMTIdEAIiGW5pY2VzbyBrb3RhIGpha2FydGEgdGltdXLgAQA!16s%2Fg%2F11w3ht2_7z?hl=en&entry=ttu&g_ep=EgoyMDI1MDYwMS4wIKXMDSoASAFQAw%3D%3D"
DKI JAKARTA,KOTA JAKARTA TIMUR,Pulo Gadung,NICESO PISANGAN LAMA,Shopping mall,-6.2118608,106.7870212,"QVVH+FFP, Jl. Pisangan Lama III, RT.10/RW.7, Pisangan Tim., Kec. Pulo Gadung, Kota Jakarta Timur, Daerah Khusus Ibukota Jakarta 13230","https://www.google.com/maps/place/NICESO+PISANGAN+LAMA/@-6.2118608,106.7870212,12z/data=!4m10!1m2!2m1!1sNICESO+KOTA+JAKARTA+TIMUR!3m6!1s0x2e69f3006158e9bf:0x3f8ed181d3574d0f!8m2!3d-6.2062825!4d106.8787279!15sChlOSUNFU08gS09UQSBKQUtBUlRBIFRJTVVSkgEPc2hvcHBpbmdfY2VudGVyqgFOEAEqCiIGbmljZXNvKAAyHxABIhsl29UwWbGBdliKdyZAwgOXsBxbUzyrvxM_ETEyHRACIhluaWNlc28ga290YSBqYWthcnRhIHRpbXVy4AEA!16s%2Fg%2F11wpvv8j1f?hl=en&entry=ttu&g_ep=EgoyMDI1MDYwMS4wIKXMDSoASAFQAw%3D%3D"
DKI JAKARTA,KOTA JAKARTA UTARA,Tj Priok,Niceso Sunter,Store,-6.2118481,106.787021,"Jl. Sunter Kemayoran No.4, Sunter Jaya, Kec. Tj. Priok, Jkt Utara, Daerah Khusus Ibukota Jakarta 14360","https://www.google.com/maps/place/Niceso+Sunter/@-6.2118481,106.787021,12z/data=!4m10!1m2!2m1!1sNICESO+KOTA+JAKARTA+UTARA!3m6!1s0x2e69f5865c7b167f:0x3dfafada4e7113c8!8m2!3d-6.1539056!4d106.8606935!15sChlOSUNFU08gS09UQSBKQUtBUlRBIFVUQVJBkgEFc3RvcmWqAU4QASoKIgZuaWNlc28oADIfEAEiG2ymdGnRXNrE-o5qSu2CX687yYVBz-rZqgb0vjIdEAIiGW5pY2VzbyBrb3RhIGpha2FydGEgdXRhcmHgAQA!16s%2Fg%2F11fmgzl4f7?hl=en&entry=ttu&g_ep=EgoyMDI1MDYwMS4wIKXMDSoASAFQAw%3D%3D"
DKI JAKARTA,KOTA JAKARTA UTARA,Koja,NICESO KOJA,Supermarket,-6.2118481,106.787021,"Jl. Anggrek 2 No.15 7, RT.7/RW.2, Tugu Utara, Kec. Koja, Jkt Utara, Daerah Khusus Ibukota Jakarta 14260","https://www.google.com/maps/place/NICESO+KOJA/@-6.2118481,106.787021,12z/data=!4m10!1m2!2m1!1sNICESO+KOTA+JAKARTA+UTARA!3m6!1s0x2e6a1fb63c0d2fdb:0x1953ec4c7fde7c59!8m2!3d-6.1272791!4d106.910098!15sChlOSUNFU08gS09UQSBKQUtBUlRBIFVUQVJBkgELc3VwZXJtYXJrZXSqAU4QASoKIgZuaWNlc28oADIfEAEiG2ymdGnRXNrE-o5qSu2CX687yYVBz-rZqgb0vjIdEAIiGW5pY2VzbyBrb3RhIGpha2FydGEgdXRhcmHgAQA!16s%2Fg%2F11h4d4rpv1?hl=en&entry=ttu&g_ep=EgoyMDI1MDYwMS4wIKXMDSoASAFQAw%3D%3D"
DKI JAKARTA,KOTA JAKARTA UTARA,Cilincing,NICESO CILINCING,Convenience store,-6.2118481,106.787021,"Jl. Semper Tim. I No.17A 1, RT.1/RW.6, Semper Tim., Kec. Cilincing, Jkt Utara, Daerah Khusus Ibukota Jakarta 14130","https://www.google.com/maps/place/NICESO+CILINCING/@-6.2118481,106.787021,12z/data=!4m10!1m2!2m1!1sNICESO+KOTA+JAKARTA+UTARA!3m6!1s0x2e6a210029f346a5:0x3d7afb5763ad1939!8m2!3d-6.1066312!4d106.9329783!15sChlOSUNFU08gS09UQSBKQUtBUlRBIFVUQVJBkgERY29udmVuaWVuY2Vfc3RvcmWqAU4QASoKIgZuaWNlc28oADIfEAEiG2ymdGnRXNrE-o5qSu2CX687yYVBz-rZqgb0vjIdEAIiGW5pY2VzbyBrb3RhIGpha2FydGEgdXRhcmHgAQA!16s%2Fg%2F11x8z4s25w?hl=en&entry=ttu&g_ep=EgoyMDI1MDYwMS4wIKXMDSoASAFQAw%3D%3D"
DKI JAKARTA,KOTA JAKARTA UTARA,Tj Priok,NICE SO Warakas,Supermarket,-6.2118481,106.787021,"No Jl. Gorontalo Raya No.11 12 12, RT.12/RW.1, Sungai Bambu, Kec. Tj. Priok, Jkt Utara, Daerah Khusus Ibukota Jakarta 14330","https://www.google.com/maps/place/NICE+SO+Warakas/@-6.2118481,106.787021,12z/data=!4m10!1m2!2m1!1sNICESO+KOTA+JAKARTA+UTARA!3m6!1s0x2e6a1fc4989f29f1:0x7c36f63a2009fc01!8m2!3d-6.1146466!4d106.8813263!15sChlOSUNFU08gS09UQSBKQUtBUlRBIFVUQVJBkgELc3VwZXJtYXJrZXSqAU4QASoKIgZuaWNlc28oADIfEAEiG2ymdGnRXNrE-o5qSu2CX687yYVBz-rZqgb0vjIdEAIiGW5pY2VzbyBrb3RhIGpha2FydGEgdXRhcmHgAQA!16s%2Fg%2F11h55n2drs?hl=en&entry=ttu&g_ep=EgoyMDI1MDYwMS4wIKXMDSoASAFQAw%3D%3D"
DKI JAKARTA,KOTA JAKARTA UTARA,Koja,Niceso Muncang,Shopping mall,-6.2118481,106.787021,"3, RT.3/RW.12, Lagoa, Kec. Koja, Jkt Utara, Daerah Khusus Ibukota Jakarta 14270","https://www.google.com/maps/place/Niceso+Muncang/@-6.2118481,106.787021,12z/data=!4m10!1m2!2m1!1sNICESO+KOTA+JAKARTA+UTARA!3m6!1s0x2e6a1fce18f7d21b:0x2c45fae0c7e6e6f8!8m2!3d-6.1160567!4d106.9068679!15sChlOSUNFU08gS09UQSBKQUtBUlRBIFVUQVJBkgEPc2hvcHBpbmdfY2VudGVyqgFOEAEqCiIGbmljZXNvKAAyHxABIhtspnRp0VzaxPqOakrtgl-vO8mFQc_q2aoG9L4yHRACIhluaWNlc28ga290YSBqYWthcnRhIHV0YXJh4AEA!16s%2Fg%2F11qg43x3bg?hl=en&entry=ttu&g_ep=EgoyMDI1MDYwMS4wIKXMDSoASAFQAw%3D%3D"
DKI JAKARTA,KOTA JAKARTA UTARA,Cilincing,Niceso Tipar Cakung,Shopping mall,-6.2118481,106.787021,"Jl. Tipar Cakung, Semper Bar., Kec. Cilincing, Jkt Utara, Daerah Khusus Ibukota Jakarta","https://www.google.com/maps/place/Niceso+Tipar+Cakung/@-6.2118481,106.787021,12z/data=!4m10!1m2!2m1!1sNICESO+KOTA+JAKARTA+UTARA!3m6!1s0x2e698b00764d5507:0xf45ee37d0af1be30!8m2!3d-6.1343274!4d106.9215849!15sChlOSUNFU08gS09UQSBKQUtBUlRBIFVUQVJBkgEPc2hvcHBpbmdfY2VudGVyqgFOEAEqCiIGbmljZXNvKAAyHxABIhtspnRp0VzaxPqOakrtgl-vO8mFQc_q2aoG9L4yHRACIhluaWNlc28ga290YSBqYWthcnRhIHV0YXJh4AEA!16s%2Fg%2F11y4qlkjp1?hl=en&entry=ttu&g_ep=EgoyMDI1MDYwMS4wIKXMDSoASAFQAw%3D%3D"
DKI JAKARTA,KOTA JAKARTA UTARA,Kemayoran RT,NICESO SERDANG RAYA,Home goods store,-6.2118481,106.787021,"Jl. Serdang raya No. 22 Rt. 001/ 010 Kel. Cempaka baru Kec. Kemayoran RT.7, RW Jl. Serdang Raya No.3, RT.2/RW.9, Cemp. Baru, Kec. Kemayoran, Kota Jakarta Pusat, Daerah Khusus Ibukota Jakarta 10640","https://www.google.com/maps/place/NICESO+SERDANG+RAYA/@-6.2118481,106.787021,12z/data=!4m10!1m2!2m1!1sNICESO+KOTA+JAKARTA+UTARA!3m6!1s0x2e69f51152cf457f:0xac58cb7e127c7e5c!8m2!3d-6.1621448!4d106.8589679!15sChlOSUNFU08gS09UQSBKQUtBUlRBIFVUQVJBkgEQaG9tZV9nb29kc19zdG9yZaoBThABKgoiBm5pY2VzbygAMh8QASIbbKZ0adFc2sT6jmpK7YJfrzvJhUHP6tmqBvS-Mh0QAiIZbmljZXNvIGtvdGEgamFrYXJ0YSB1dGFyYeABAA!16s%2Fg%2F11pdjc8k4k?hl=en&entry=ttu&g_ep=EgoyMDI1MDYwMS4wIKXMDSoASAFQAw%3D%3D"
DKI JAKARTA,KOTA JAKARTA UTARA,Johar Baru,Niceso Joharbaru,Supermarket,-6.2118481,106.787021,"Jl. Percetakan Negara II No.22 3, RT.3/RW.3, Johar Baru, Kec. Johar Baru, Kota Jakarta Pusat, Daerah Khusus Ibukota Jakarta 10560","https://www.google.com/maps/place/Niceso+Joharbaru/@-6.2118481,106.787021,12z/data=!4m10!1m2!2m1!1sNICESO+KOTA+JAKARTA+UTARA!3m6!1s0x2e69f524605a5c43:0x4e17edf68517de45!8m2!3d-6.1835335!4d106.8561012!15sChlOSUNFU08gS09UQSBKQUtBUlRBIFVUQVJBkgELc3VwZXJtYXJrZXSqAU4QASoKIgZuaWNlc28oADIfEAEiG2ymdGnRXNrE-o5qSu2CX687yYVBz-rZqgb0vjIdEAIiGW5pY2VzbyBrb3RhIGpha2FydGEgdXRhcmHgAQA!16s%2Fg%2F11fj6syc2x?hl=en&entry=ttu&g_ep=EgoyMDI1MDYwMS4wIKXMDSoASAFQAw%3D%3D"
DKI JAKARTA,KOTA JAKARTA UTARA,Koja,NICESO LAGOA,Convenience store,-6.2118481,106.787021,"Jl. Menteng, RT.1/RW.9, Lagoa, Kec. Koja, Jkt Utara, Daerah Khusus Ibukota Jakarta 14270","https://www.google.com/maps/place/NICESO+LAGOA/@-6.2118481,106.787021,12z/data=!4m10!1m2!2m1!1sNICESO+KOTA+JAKARTA+UTARA!3m6!1s0x2e6a1f5117db30b1:0x5d563850390ebe0b!8m2!3d-6.1130135!4d106.9116661!15sChlOSUNFU08gS09UQSBKQUtBUlRBIFVUQVJBkgERY29udmVuaWVuY2Vfc3RvcmWqAU4QASoKIgZuaWNlc28oADIfEAEiG2ymdGnRXNrE-o5qSu2CX687yYVBz-rZqgb0vjIdEAIiGW5pY2VzbyBrb3RhIGpha2FydGEgdXRhcmHgAQA!16s%2Fg%2F11vlytysm4?hl=en&entry=ttu&g_ep=EgoyMDI1MDYwMS4wIKXMDSoASAFQAw%3D%3D"
DKI JAKARTA,KOTA JAKARTA UTARA,Cilincing,NICESO KRAMAT JAYA,Convenience store,-6.2118481,106.787021,"Jl. Kramat Jaya Raya No.25, RT.11/RW.13, Semper Bar., Kec. Cilincing, Jkt Utara, Daerah Khusus Ibukota Jakarta 14270","https://www.google.com/maps/place/NICESO+KRAMAT+JAYA/@-6.2118481,106.787021,12z/data=!4m10!1m2!2m1!1sNICESO+KOTA+JAKARTA+UTARA!3m6!1s0x2e6a210010865965:0x71d6847b9b487935!8m2!3d-6.1158998!4d106.9172079!15sChlOSUNFU08gS09UQSBKQUtBUlRBIFVUQVJBkgERY29udmVuaWVuY2Vfc3RvcmWqAU4QASoKIgZuaWNlc28oADIfEAEiG2ymdGnRXNrE-o5qSu2CX687yYVBz-rZqgb0vjIdEAIiGW5pY2VzbyBrb3RhIGpha2FydGEgdXRhcmHgAQA!16s%2Fg%2F11y3hw46m6?hl=en&entry=ttu&g_ep=EgoyMDI1MDYwMS4wIKXMDSoASAFQAw%3D%3D"
